-- --------------------------------------------------------
-- 호스트:                          127.0.0.1
-- 서버 버전:                        8.0.34 - MySQL Community Server - GPL
-- 서버 OS:                        Win64
-- HeidiSQL 버전:                  12.5.0.6677
-- --------------------------------------------------------

/*!40101 SET @OLD_CHARACTER_SET_CLIENT=@@CHARACTER_SET_CLIENT */;
/*!40101 SET NAMES utf8 */;
/*!50503 SET NAMES utf8mb4 */;
/*!40103 SET @OLD_TIME_ZONE=@@TIME_ZONE */;
/*!40103 SET TIME_ZONE='+00:00' */;
/*!40014 SET @OLD_FOREIGN_KEY_CHECKS=@@FOREIGN_KEY_CHECKS, FOREIGN_KEY_CHECKS=0 */;
/*!40101 SET @OLD_SQL_MODE=@@SQL_MODE, SQL_MODE='NO_AUTO_VALUE_ON_ZERO' */;
/*!40111 SET @OLD_SQL_NOTES=@@SQL_NOTES, SQL_NOTES=0 */;

-- 테이블 semi.t4_aboard 구조 내보내기
CREATE TABLE IF NOT EXISTS `t4_aboard` (
  `A_NO` int NOT NULL AUTO_INCREMENT COMMENT '게시판번호',
  `A_TITLE` varchar(50) NOT NULL COMMENT '제목',
  `A_CONTENT` varchar(3000) NOT NULL COMMENT '내용',
  `A_DATE` datetime NOT NULL COMMENT '등록일',
  `A_KIND` varchar(50) CHARACTER SET utf8mb4 COLLATE utf8mb4_0900_ai_ci NOT NULL COMMENT '정보 / 게시판인지 이벤트인지',
  `HITS` int NOT NULL COMMENT '조회수',
  `ARTIST` varchar(20) DEFAULT NULL COMMENT '아티스트/ null인경우 공통 게시 ',
  `AAF_NO` int DEFAULT NULL COMMENT 'ABoard용 첨부파일 테이블 조인용',
  `EVT_NO` varchar(50) DEFAULT NULL COMMENT '이벤트인경우에만',
  PRIMARY KEY (`A_NO`)
) ENGINE=InnoDB AUTO_INCREMENT=74 DEFAULT CHARSET=utf8mb4 COLLATE=utf8mb4_0900_ai_ci COMMENT=' 게시판 테이블 ';

-- 테이블 데이터 semi.t4_aboard:~16 rows (대략적) 내보내기
INSERT INTO `t4_aboard` (`A_NO`, `A_TITLE`, `A_CONTENT`, `A_DATE`, `A_KIND`, `HITS`, `ARTIST`, `AAF_NO`, `EVT_NO`) VALUES
	(1, 'Very Peri 신규 오픈', '안녕하세요, 잘부탁드립니다:>', '2023-08-10 10:56:14', '공지', 61, '공통', NULL, NULL),
	(4, '테스트', '하~이~', '2023-08-10 11:33:06', '공지', 78, '공통', NULL, NULL),
	(14, '태풍 ‘카눈\' 으로 인한 배송 지연 안내', '안녕하세요베리페리 입니다. 10일 목요일 한국이 직접적인 영향권에 들어와 전국적인 배송 지연이 불가피하게 일어나게 되었음을 안내드립니다. 또한 \'택배 없는 날\'과 광복절 공휴일을 앞두고 발생된 배송 물량 증가가 더해져 도서지역 배송지연이 장기화될 것으로 예상됩니다. 그로 인하여 주문하신 상품의 배송 지연이 되더라도 고객님들의 양해와 이해를 부탁드립니다.모든 분들 태풍에 피해 없으시길 기원하겠습니다. 궁금하신 내용이 있으시면 고객센터(1:1 문의 또는 전화: 1661-6110)로 연락 주시기 바랍니다.감사합니다.', '2023-08-16 10:50:56', '공지', 157, '공통', NULL, NULL),
	(57, '최초공개~', '는 아니지만 귀여운 감자', '2023-08-16 17:00:03', '공지', 188, '공통', NULL, NULL),
	(58, 'V 솔로 앨범 \'Layover\' 발매 기념 친필 사인 포스터 증정 이벤트 안내', '베리페리에서 V \'Layover\' 를 1장 이상 구매한 후, 응모 기간 중 응모한 고객 중 추첨을 통해 당첨되신 200분께 아티스트의 친필 사인이 들어간 특별한 포스터를 드립니다. ', '2023-08-20 20:30:29', '이벤트', 0, '방탄소년단', NULL, 'BTS0001'),
	(59, '오프라인 팬사인회 초청 이벤트', 'TOMORROW X TOGETHER ‘minisode 2: Thursday\'s Child’ 구매자 대상 베리페리 팬사인회 초청 이벤트', '2023-08-20 20:34:00', '이벤트', 0, '투모로우바이투게더', NULL, 'TXT0001'),
	(60, '\'FML\' 예약 구매자 대상 대면 팬사인회 안내', 'SEVENTEEN 10th Mini Album \'FML\' 발매 기념! 아티스트와의 대면 팬사인회에 팬 여러분을 초대합니다!', '2023-08-20 20:35:08', '이벤트', 0, '세븐틴', NULL, 'SVT0001'),
	(61, 'DARK BLOOD 구매자 대상 영상통화 팬사인회 안내', 'ENHYPEN DARK BLOOD 구매자 대상 이벤트, 설레는 영상통화 팬사인회에 팬 여러분을 초대합니다!', '2023-08-20 20:53:55', '이벤트', 0, '엔하이픈', NULL, 'EHP0001'),
	(66, 'Album \'Unlock My World\' 구매자 대상 쇼케이스 초청 이벤트', '\'Unlock My World\' 을 구매하고 Special Event에 응모하신 고객 중 470명을 추첨하여 SHOWCASE EVENT에 초대합니다!', '2023-08-20 21:03:27', '이벤트', 1, '프로미스나인', NULL, 'FMN0001'),
	(67, '\'UNFORGIVEN 구매자 대상 대면 스페셜 팬사인회 안내', 'LE SSERAFIM 1st Studio Album \'UNFORGIVEN\' 발매 기념! 아티스트와의 대면 스페셜 팬사인회에 팬 여러분을 초대합니다! 본 팬사인회는 찬란한 FEARLESS BLUE 빛으로 물드는 시간이 될 예정입니다. 참고 부탁드립니다.', '2023-08-20 21:04:22', '이벤트', 1, '르세라핌', NULL, 'LSF0001'),
	(68, '[OMG] 예약 구매자 대상 영상통화 팬사인회', 'NewJeans [OMG] 발매 기념! 멤버들과의 설레는 영상통화 팬사인회에 팬 여러분을 초대합니다!', '2023-08-20 21:05:00', '이벤트', 2, '뉴진스', NULL, 'NJS0001'),
	(69, '싱글 1집 \'WHO!\' 구매자 대상 영상통화 팬사인회 안내', 'BOYNEXTDOOR 싱글 1집 \'WHO!\' 구매자 대상 이벤트, 설레는 영상통화 팬사인회에 팬 여러분을 초대합니다!', '2023-08-20 21:05:24', '이벤트', 5, '보이넥스트도어', NULL, 'BND0001'),
	(70, '[Grown Ass Kid] 구매자 대상 영상통화 팬사인회', 'ZICO 4th Mini Album [Grown Ass Kid] 영상통화 팬사인회에  팬 여러분을 초대합니다!', '2023-08-20 21:06:02', '이벤트', 1, '지코', NULL, 'ZIC0001'),
	(71, '공지입니다.', '안녕하세요.', '2023-08-22 15:49:33', '공지', 60, '공통', NULL, ''),
	(72, '\'Jack In The Box \' 발매 기념 친필 사인 포스터 증정 이벤트 안내', 'j-hope 솔로 앨범 \'Jack In The Box (HOPE Edition)\' 앨범 발매를 기념하여, 아티스트의 친필 사인이 담긴 특별한 포스터를 증정하는 추첨 이벤트를 진행합니다.', '2023-08-22 15:51:59', '이벤트', 0, '방탄소년단', NULL, 'BTS0002'),
	(73, '지민 솔로 앨범 \'FACE\' 앨범 구매자 대상 영상통화 팬사인회', '지민 솔로 앨범 ‘FACE’ 구매자 대상 이벤트, 설레는 영상통화 팬사인회에 팬 여러분을 초대합니다!', '2023-08-22 15:54:34', '이벤트', 0, '방탄소년단', NULL, 'BTS0003');

-- 테이블 semi.t4_apply 구조 내보내기
CREATE TABLE IF NOT EXISTS `t4_apply` (
  `P_NO` varchar(50) NOT NULL COMMENT '상품코드',
  `EVT_NO` varchar(50) NOT NULL COMMENT '이벤트코드',
  `U_ID` varchar(20) CHARACTER SET utf8mb4 COLLATE utf8mb4_0900_ai_ci NOT NULL COMMENT '아이디',
  `E_UNAME` varchar(20) NOT NULL COMMENT '응모자명',
  `E_UPHONE` varchar(20) NOT NULL COMMENT '응모자연락처',
  `E_YN` char(1) NOT NULL COMMENT '개인정보수집동의 / 거절시 당첨불가',
  `E_PRIZE` char(1) DEFAULT NULL COMMENT '당첨여부'
) ENGINE=InnoDB DEFAULT CHARSET=utf8mb4 COLLATE=utf8mb4_0900_ai_ci COMMENT='응모(E)';

-- 테이블 데이터 semi.t4_apply:~3 rows (대략적) 내보내기
INSERT INTO `t4_apply` (`P_NO`, `EVT_NO`, `U_ID`, `E_UNAME`, `E_UPHONE`, `E_YN`, `E_PRIZE`) VALUES
	('BTS0001ALB', 'BTS0001', 'test1', '김뭐뭐', '01000000000', 'Y', ''),
	('ZIC0001ALB', 'ZIC0001', 'test1', '김뭐뭐', '01012341234', 'Y', NULL),
	('LSF0001ALB', 'LSF0001', 'admin', '어드민', '01012341234', 'Y', NULL);

-- 테이블 semi.t4_artist 구조 내보내기
CREATE TABLE IF NOT EXISTS `t4_artist` (
  `ARTIST` varchar(20) CHARACTER SET utf8mb4 COLLATE utf8mb4_0900_ai_ci NOT NULL COMMENT '아티스트 별칭',
  `ART_NAME` varchar(20) NOT NULL COMMENT '아티스트 이름'
) ENGINE=InnoDB DEFAULT CHARSET=utf8mb4 COLLATE=utf8mb4_0900_ai_ci COMMENT='아티스트 테이블(ART)';

-- 테이블 데이터 semi.t4_artist:~9 rows (대략적) 내보내기
INSERT INTO `t4_artist` (`ARTIST`, `ART_NAME`) VALUES
	('BTS', '방탄소년단'),
	('TXT', '투모로우바이투게더'),
	('EHP', '엔하이픈'),
	('SVT', '세븐틴'),
	('FMN', '프로미스나인'),
	('LSF', '르세라핌'),
	('NJS', '뉴진스'),
	('BND', '보이넥스트도어'),
	('ZIC', '지코');

-- 테이블 semi.t4_a_attached_file_aboard 구조 내보내기
CREATE TABLE IF NOT EXISTS `t4_a_attached_file_aboard` (
  `AAF_NO` int NOT NULL COMMENT '첨부파일 번호',
  `THUMBNAIL` varchar(1000) NOT NULL COMMENT '썸네일',
  `FILENAME` varchar(1000) DEFAULT NULL,
  `AAF_PHOTO1` varchar(1000) CHARACTER SET utf8mb4 COLLATE utf8mb4_0900_ai_ci DEFAULT NULL COMMENT '상품 사진1',
  `AAF_PHOTO2` varchar(1000) CHARACTER SET utf8mb4 COLLATE utf8mb4_0900_ai_ci DEFAULT NULL COMMENT '상품 사진2',
  `AAF_PHOTO3` varchar(1000) DEFAULT NULL COMMENT '상품 사진3'
) ENGINE=InnoDB DEFAULT CHARSET=utf8mb4 COLLATE=utf8mb4_0900_ai_ci;

-- 테이블 데이터 semi.t4_a_attached_file_aboard:~13 rows (대략적) 내보내기
INSERT INTO `t4_a_attached_file_aboard` (`AAF_NO`, `THUMBNAIL`, `FILENAME`, `AAF_PHOTO1`, `AAF_PHOTO2`, `AAF_PHOTO3`) VALUES
	(57, '../img/logo/2023716503853.png', '2023716503853.png', NULL, NULL, NULL),
	(58, '../img/logo/202372083030852.png', '202372083030852.png', NULL, NULL, NULL),
	(59, '../img/logo/2023720834191.png', '2023720834191.png', NULL, NULL, NULL),
	(60, '../img/logo/20237208358882.png', '20237208358882.png', NULL, NULL, NULL),
	(61, '../img/logo/202372085356253.png', '202372085356253.png', NULL, NULL, NULL),
	(66, '../img/logo/20237209327829.png', '20237209327829.png', NULL, NULL, NULL),
	(67, '../img/logo/20237209423709.PNG', '20237209423709.PNG', NULL, NULL, NULL),
	(68, '../img/logo/2023720951375.png', '2023720951375.png', NULL, NULL, NULL),
	(69, '../img/logo/2023720952598.png', '2023720952598.png', NULL, NULL, NULL),
	(70, '../img/logo/2023720963751.png', '2023720963751.png', NULL, NULL, NULL),
	(71, '../img/logo/202372234936207.webp', '202372234936207.webp', NULL, NULL, NULL),
	(72, '../img/logo/20237223521784.png', '20237223521784.png', NULL, NULL, NULL),
	(73, '../img/logo/202372235436796.png', '202372235436796.png', NULL, NULL, NULL);

-- 테이블 semi.t4_ban 구조 내보내기
CREATE TABLE IF NOT EXISTS `t4_ban` (
  `U_ID` varchar(20) CHARACTER SET utf8mb4 COLLATE utf8mb4_0900_ai_ci NOT NULL COMMENT 'USERTBL 조인용',
  `B_YN` char(1) CHARACTER SET utf8mb4 COLLATE utf8mb4_0900_ai_ci NOT NULL DEFAULT 'N' COMMENT 'Y/N (정지여부)',
  `B_REASONS` varchar(30) CHARACTER SET utf8mb4 COLLATE utf8mb4_0900_ai_ci NOT NULL COMMENT '정지사유',
  `B_DATE` varchar(30) NOT NULL COMMENT '정지날짜',
  PRIMARY KEY (`U_ID`)
) ENGINE=InnoDB DEFAULT CHARSET=utf8mb4 COLLATE=utf8mb4_0900_ai_ci COMMENT='정지';

-- 테이블 데이터 semi.t4_ban:~3 rows (대략적) 내보내기
INSERT INTO `t4_ban` (`U_ID`, `B_YN`, `B_REASONS`, `B_DATE`) VALUES
	('?????????', 'Y', '주말엔 쉬세요', '2023-08-14 09:36:16'),
	('ff', 'Y', '그냥', '2023-08-28 18:08:04'),
	('happy0823', 'Y', '..', '2023-08-12 15:21:43');

-- 테이블 semi.t4_buyhistory 구조 내보내기
CREATE TABLE IF NOT EXISTS `t4_buyhistory` (
  `U_ID` varchar(50) NOT NULL,
  `O_NO` int NOT NULL,
  `BH_PRICE` int NOT NULL,
  `BH_ARTIST` varchar(20) NOT NULL,
  `BH_POINT` int NOT NULL,
  `BH_SYSDATE` datetime NOT NULL
) ENGINE=InnoDB DEFAULT CHARSET=utf8mb4 COLLATE=utf8mb4_0900_ai_ci COMMENT='고객상품 구매 히스토리(BH)';

-- 테이블 데이터 semi.t4_buyhistory:~0 rows (대략적) 내보내기

-- 테이블 semi.t4_cart 구조 내보내기
CREATE TABLE IF NOT EXISTS `t4_cart` (
  `C_NO` int NOT NULL AUTO_INCREMENT,
  `U_ID` varchar(20) CHARACTER SET utf8mb4 COLLATE utf8mb4_0900_ai_ci NOT NULL COMMENT '고객 조인용',
  `P_NO` varchar(50) CHARACTER SET utf8mb4 COLLATE utf8mb4_0900_ai_ci NOT NULL COMMENT '상품 조인용',
  `CNT` int DEFAULT '1' COMMENT '갯수',
  PRIMARY KEY (`C_NO`) USING BTREE
) ENGINE=InnoDB AUTO_INCREMENT=270 DEFAULT CHARSET=utf8mb4 COLLATE=utf8mb4_0900_ai_ci COMMENT='카트(C)               ';

-- 테이블 데이터 semi.t4_cart:~29 rows (대략적) 내보내기
INSERT INTO `t4_cart` (`C_NO`, `U_ID`, `P_NO`, `CNT`) VALUES
	(1, 'dcsdsd3', 'BTS0001DVD', 12),
	(2, 'dcsdsd3', 'BTS0002DVD', 3),
	(3, 'dcsdsd3', 'BTS0012DVD', 0),
	(4, 'dcsdsd3', 'BTS0015DVD', 0),
	(5, 'dcsdsd3', 'BTS0017DVD', 0),
	(103, '', 'EHP0001MEM', 1),
	(104, '', 'EHP0004ALB', 1),
	(133, 'Artist_BND', 'EHP0004ALB', 1),
	(145, 'dd', 'BTS0003DVD', 2),
	(146, 'dd', 'BTS0005DVD', 1),
	(186, 'dd', 'EHP0001MEM', 1),
	(234, 'admin', 'EHP0003MER', 1),
	(238, 'skfk', 'SVT0001ALB', 1),
	(248, 'aaa111', 'EHP0016ALB', 1),
	(250, 'aaa111', 'BTS0004DVD', 1),
	(251, 'aaa111', 'FMN0003ALB', 1),
	(252, 'aaa111', 'BTS0003DVD', 1),
	(253, 'dd', 'FMN0001ALB', 1),
	(254, 'dd', 'FMN0001ALB', 1),
	(255, 'dd', 'FMN0001ALB', 1),
	(256, 'admin', 'FMN0004ALB', 1),
	(257, 'test', 'EHP0004ALB', 1),
	(258, 'test1', 'FMN0002ALB', 1),
	(259, 'test1', 'BTS0016PTB', 1),
	(262, 'test12', 'FMN0001ALB', 1),
	(263, 'test12', 'LSF0002PTB', 3),
	(267, 'test99', 'NJS0002MER', 1),
	(268, 'test', 'BND0009MEM', 1),
	(269, 'test', 'BTS0004DVD', 1);

-- 테이블 semi.t4_delivery 구조 내보내기
CREATE TABLE IF NOT EXISTS `t4_delivery` (
  `BUY_NO` varchar(20) NOT NULL,
  `O_NO` varchar(20) NOT NULL COMMENT '주문번호',
  `U_ID` varchar(20) NOT NULL COMMENT '아이디',
  `D_DATE` datetime DEFAULT NULL COMMENT '배송완료일',
  `D_STATE` varchar(20) NOT NULL COMMENT '배송상태//\n"1.업체확인중\n2.상품 준비중\n3. 배송 준비중/취소불가\n4. 배송중/취소불가\n5. 배송완료\n7. 교환접수\n8. 교환수거중\n9.교환수거완료\n 10. 교환상품배송중\n11. 교환완료\n12. 취소접수\n13. 취소수거중\n14. 카드사취소중\n15. 취소완료"',
  `DU_NO` int DEFAULT (0) COMMENT '배송정보조인용',
  PRIMARY KEY (`BUY_NO`)
) ENGINE=InnoDB DEFAULT CHARSET=utf8mb4 COLLATE=utf8mb4_0900_ai_ci COMMENT='배송(D';

-- 테이블 데이터 semi.t4_delivery:~126 rows (대략적) 내보내기
INSERT INTO `t4_delivery` (`BUY_NO`, `O_NO`, `U_ID`, `D_DATE`, `D_STATE`, `DU_NO`) VALUES
	('', '1693186471874', 'admin', NULL, '업체확인중', 22),
	('1', '1692263113', 'test1', '2023-08-23 12:14:00', '배송완료', 14),
	('10', '1692593982', 'test1', NULL, '상품 준비중', 14),
	('11', '1692614449', 'test1', NULL, '업체 사유로 거절', 14),
	('112', '1693184530437', 'admin', NULL, '업체확인중', 22),
	('113', '1693184530437', 'admin', NULL, '업체확인중', 22),
	('114', '1693185254212', 'admin', NULL, '업체확인중', 25),
	('115', '1693185254212', 'admin', NULL, '업체확인중', 25),
	('116', '1693185708124', 'admin', '2023-08-29 10:32:38', '배송완료', 22),
	('117', '1693185708124', 'admin', '2023-08-29 10:32:38', '배송완료', 22),
	('118', '1693185708124', 'admin', NULL, '업체 사유로 거절', 22),
	('119', '1693186051771', 'admin', NULL, '업체확인중', 25),
	('12', '1692614454', 'test1', NULL, '상품 준비중', 14),
	('120', '1693186051771', 'admin', NULL, '업체확인중', 25),
	('121', '1693186051771', 'admin', NULL, '업체확인중', 25),
	('13', '1692614461', 'test1', NULL, '구매확정', 14),
	('2', '1692263227', 'test1', '2023-08-26 14:00:10', '배송완료', 14),
	('238', '1693189802304', 'admin', NULL, '업체확인중', 22),
	('245', '1693190184643', 'admin', NULL, '업체확인중', 22),
	('247', '1693190307535', 'admin', NULL, '업체확인중', 22),
	('249', '1693190352807', 'admin', NULL, '업체확인중', 22),
	('25', '1692772920200', 'test', NULL, '업체확인중', 1),
	('254', '1693190522382', 'admin', NULL, '업체확인중', 22),
	('255', '1693190556767', 'admin', '2023-08-29 10:33:03', '배송완료', 22),
	('259', '1693191042813', 'admin', NULL, '업체확인중', 22),
	('26', '1692773025765', 'test', NULL, '업체확인중', 1),
	('261', '1693191192901', 'admin', NULL, '상품 준비중', 22),
	('265', '1693191312013', 'admin', '2023-08-29 10:38:42', '교환접수', 22),
	('266', '1693191446453', 'admin', '2023-08-29 10:37:54', '구매확정', 22),
	('269', '1693191522717', 'admin', NULL, '고객 사유로 거절', 22),
	('27', '1692773174699', 'test', NULL, '업체확인중', 1),
	('274', '1693191848340', 'admin', '2023-08-29 10:37:35', '배송완료', 22),
	('275', '1693192563211', 'admin', NULL, '업체확인중', 22),
	('276', '1693192563211', 'admin', NULL, '업체확인중', 22),
	('277', '1693192624946', 'admin', NULL, '업체확인중', 22),
	('278', '1693192624946', 'admin', NULL, '업체확인중', 22),
	('279', '1693192675571', 'admin', NULL, '업체확인중', 22),
	('28', '1692773236447', 'test', NULL, '업체확인중', 1),
	('280', '1693192675571', 'admin', NULL, '업체확인중', 22),
	('281', '1693192868186', 'admin', NULL, '업체확인중', 22),
	('282', '1693192868186', 'admin', NULL, '업체확인중', 22),
	('284', '1693193379180', 'test1', NULL, '업체확인중', 14),
	('285', '1693193379180', 'test1', NULL, '업체확인중', 14),
	('29', '1692780280772', 'test', NULL, '업체확인중', 17),
	('293', '1693213022106', 'test1', NULL, '업체확인중', 14),
	('294', '1693214730925', 'test1', NULL, '업체확인중', 14),
	('295', '1693215127914', 'test1', NULL, '업체확인중', 14),
	('296', '1693215584226', 'test', NULL, '업체확인중', 1),
	('297', '1693219784448', 'test1', NULL, '업체확인중', 14),
	('3', '1692263232', 'test1', '2023-08-22 11:28:44', '반품거절', 14),
	('30', '1692780424040', 'test', NULL, '업체확인중', 1),
	('305', '1693231063840', 'ttt', NULL, '업체확인중', 98),
	('31', '1692842351936', 'test', NULL, '업체확인중', 1),
	('314', '1693269708633', 'aaa111', NULL, '고객 사유로 거절', 102),
	('315', '1693269708633', 'aaa111', NULL, '업체확인중', 102),
	('316', '1693269708633', 'aaa111', NULL, '업체확인중', 102),
	('32', '1692844879848', 'test', '2023-08-29 10:37:43', '배송완료', 1),
	('324', '1693270891119', 'aaa111', NULL, '업체확인중', 102),
	('33', '1692845059199', 'test', '2023-08-29 10:37:41', '배송완료', 1),
	('330', '1693287395066', 'test', NULL, '업체확인중', 41),
	('331', '1693294490928', '비회원', NULL, '업체확인중', 0),
	('332', '1693294845917', 'test', NULL, '업체확인중', 1),
	('333', '1693357197840', '비회원', NULL, '업체확인중', 0),
	('334', '1693357610384', '123', NULL, '업체확인중', 120),
	('335', '1693357610384', '123', NULL, '고객 사유로 거절', 120),
	('336', '1693364343335', '비회원', NULL, '업체확인중', 0),
	('337', '1693364814128', 'test12', NULL, '업체확인중', 122),
	('338', '1693365166284', '비회원', NULL, '업체확인중', 0),
	('34', '1692847788960', 'test', NULL, '업체확인중', 1),
	('342', '1693367218160', '비회원', NULL, '업체확인중', 0),
	('346', '1693368139264', 'test99', NULL, '업체확인중', 129),
	('35', '1692849024022', 'test', '2023-08-29 10:37:38', '배송완료', 1),
	('36', '1692849077696', 'test', NULL, '업체확인중', 1),
	('37', '1692936712857', 'admin', NULL, '상품 준비중', 22),
	('38', '1692936712857', 'admin', NULL, '고객 사유로 거절', 22),
	('39', '1692944469810', 'test', NULL, '상품 준비중', 30),
	('4', '1692263237', 'test1', NULL, '업체 사유로 거절', 14),
	('40', '1692944589970', 'test', NULL, '상품 준비중', 18),
	('41', '1692955668563', 'test', '2023-08-29 10:37:39', '배송완료', 1),
	('42', '1693016019437', 'test', NULL, '업체확인중', 1),
	('43', '1693016441163', 'test', NULL, '업체확인중', 1),
	('44', '1693016441163', 'test', NULL, '고객 사유로 거절', 1),
	('45', '1693018915540', 'test1', NULL, '업체확인중', 14),
	('46', '1693018915540', 'test1', NULL, '업체확인중', 14),
	('47', '1693028368601', 'admin', NULL, '업체확인중', 22),
	('49', '1693028539189', 'admin', NULL, '업체확인중', 22),
	('5', '1692263241', 'test1', '2023-08-25 16:03:20', '배송 준비중', 14),
	('51', '1693028726550', 'admin', NULL, '업체확인중', 22),
	('54', '1693103622189', 'test1', NULL, '업체확인중', 14),
	('6', '1692263241', 'test1', '2023-08-22 11:27:14', '배송 준비중', 14),
	('61', '1693105699130', 'test1', NULL, '업체 사유로 거절', 14),
	('62', '1693105946462', 'test1', NULL, '업체확인중', 14),
	('63', '1693106000243', 'test1', NULL, '업체확인중', 14),
	('64', '1693116790930', 'test1', NULL, '상품 준비중', 14),
	('65', '1693116791872', 'test1', NULL, '상품 준비중', 14),
	('66', '1693116794594', 'test1', NULL, '상품 준비중', 14),
	('67', '1693116795336', 'test1', NULL, '상품 준비중', 14),
	('68', '1693116795704', 'test1', '2023-08-29 10:37:50', '배송완료', 14),
	('69', '1693116796266', 'test1', NULL, '업체확인중', 14),
	('7', '1692263241', 'test1', NULL, '배송 준비중', 14),
	('70', '1693116796450', 'test1', NULL, '상품 준비중', 14),
	('71', '1693116796633', 'test1', NULL, '상품 준비중', 14),
	('72', '1693116796821', 'test1', NULL, '상품 준비중', 14),
	('73', '1693116797022', 'test1', NULL, '상품 준비중', 14),
	('74', '1693116797221', 'test1', NULL, '상품 준비중', 14),
	('75', '1693116797221', 'test1', NULL, '상품 준비중', 14),
	('76', '1693116797611', 'test1', NULL, '업체확인중', 14),
	('77', '1693116797775', 'test1', NULL, '상품 준비중', 14),
	('78', '1693116797775', 'test1', NULL, '상품 준비중', 14),
	('79', '1693116801577', 'test1', NULL, '상품 준비중', 14),
	('8', '1692263113', 'test1', '2023-08-23 12:14:00', '구매확정', 14),
	('80', '1693116801899', 'test1', NULL, '업체 사유로 거절', 14),
	('81', '1693117031704', 'test1', NULL, '상품 준비중', 14),
	('82', '1693120089459', 'test1', NULL, '업체확인중', 14),
	('87', '1693122662411', 'test1', NULL, '업체확인중', 14),
	('88', '1693122662411', 'test1', NULL, '업체확인중', 14),
	('89', '1693123055338', 'test1', NULL, '업체확인중', 14),
	('90', '1693123055338', 'test1', NULL, '업체확인중', 14),
	('91', '1693123055338', 'test1', NULL, '업체확인중', 14),
	('92', '1693123055338', 'test1', NULL, '업체확인중', 14),
	('93', '1693123796266', 'test1', NULL, '업체확인중', 14),
	('94', '1693123796266', 'test1', NULL, '업체확인중', 14),
	('95', '1693123796266', 'test1', NULL, '업체확인중', 14),
	('96', '1693123796266', 'test1', NULL, '업체확인중', 14),
	('97', '1693126195302', 'test1', NULL, '업체확인중', 14),
	('98', '1693132913918', 'qwer123', NULL, '업체확인중', 43);

-- 테이블 semi.t4_delivery_user 구조 내보내기
CREATE TABLE IF NOT EXISTS `t4_delivery_user` (
  `U_ID` varchar(20) CHARACTER SET utf8mb4 COLLATE utf8mb4_0900_ai_ci NOT NULL,
  `DU_NO` int NOT NULL AUTO_INCREMENT,
  `U_DNAME` varchar(20) CHARACTER SET utf8mb4 COLLATE utf8mb4_0900_ai_ci NOT NULL DEFAULT '집' COMMENT '배송지 이름',
  `RECIPIENT` varchar(20) CHARACTER SET utf8mb4 COLLATE utf8mb4_0900_ai_ci NOT NULL COMMENT '받는 사람',
  `U_DPHONE` varchar(20) CHARACTER SET utf8mb4 COLLATE utf8mb4_0900_ai_ci NOT NULL COMMENT '배송시 연락처',
  `U_DADDR` varchar(50) CHARACTER SET utf8mb4 COLLATE utf8mb4_0900_ai_ci NOT NULL COMMENT '기본주소',
  `U_DADDRDETAIL` varchar(50) CHARACTER SET utf8mb4 COLLATE utf8mb4_0900_ai_ci NOT NULL COMMENT '상세주소',
  `ZIPNO` varchar(10) CHARACTER SET utf8mb4 COLLATE utf8mb4_0900_ai_ci NOT NULL COMMENT '우편번호',
  `U_DMESSAGE` varchar(30) CHARACTER SET utf8mb4 COLLATE utf8mb4_0900_ai_ci DEFAULT NULL COMMENT '배송시 전달사항',
  `FIXADDR` char(1) NOT NULL DEFAULT 'N' COMMENT '기본배송지 여부',
  PRIMARY KEY (`DU_NO`)
) ENGINE=InnoDB AUTO_INCREMENT=131 DEFAULT CHARSET=utf8mb4 COLLATE=utf8mb4_0900_ai_ci COMMENT='배송 정보(DU)';

-- 테이블 데이터 semi.t4_delivery_user:~42 rows (대략적) 내보내기
INSERT INTO `t4_delivery_user` (`U_ID`, `DU_NO`, `U_DNAME`, `RECIPIENT`, `U_DPHONE`, `U_DADDR`, `U_DADDRDETAIL`, `ZIPNO`, `U_DMESSAGE`, `FIXADDR`) VALUES
	('test', 1, '회사', '회사원씨', '01072397113', '인천광역시 부평구 경인로1024번길 21', '부평역 지하광장 분수대 위', '21426', '수고하십니다', 'N'),
	('test', 9, '임시주소', '김땡댕', '01013241211', '경기도 성남시 분당구 서판교로32번길 9', '판판', '13479', NULL, 'N'),
	('test1', 14, '김뭐뭐2', '김땡댕', '01012341234', '인천광역시 부평구 부평공원로 51-1', '1234', '21405', NULL, 'N'),
	('test', 16, '이잉이', '김땡댕', '01022223333', '인천광역시 부평구 경인로1024번길 21', '노숙자집', '21426', '이응', 'N'),
	('test', 17, '뿅뿅이', '김땡댕', '01022223333', '인천광역시 부평구 경인로1024번길 21', '예이', '21426', NULL, 'N'),
	('admin', 22, '어드민', '김땡댕', '01000000000', '인천광역시 부평구 광장로 지하15', '지하 신문지 위', '21404', '저를 찾아보세요~!', 'N'),
	('admin', 25, '어드민', '김땡댕', '01011111111', '인천광역시 부평구 광장로 지하15', '안녕', '21404', '', 'N'),
	('admin', 31, '어드민', '김땡댕', '', '인천광역시 부평구 광장로 지하15', '신문지 위', '21404', '문 앞에 두고 문자 보내주세요', 'N'),
	('skfk', 32, '로로', '김땡댕', '', '경기도 김포시 양도로 18', '454-5422', '10114', '', 'N'),
	('test', 34, '꼬꼬', '닭', '01023232323', '인천광역시 부평구 부평대로 3', '짠 101-22호', '21389', 'ㅇㅇ', 'N'),
	('test', 39, '보라돌이', '뚜비', '01023232323', '강원특별자치도 영월군 산솔면 윗배나무길 10', 'in Tree', '26243', 'ㅇㅇ', 'N'),
	('test', 40, '내 집', '나', '01012311231', '강원특별자치도 영월군 산솔면 윗배나무길 10', 'test', '26243', 'ddd', 'N'),
	('test', 41, '별장', '여대현', '01072397113', '경기도 가평군 가평읍 달전로 83', '남이주택 1층 대문', '12422', NULL, 'N'),
	('qwer123', 43, '이이이이이이이이이이이이이이이이잉이이이', '김남길', '01045455441', '인천광역시 부평구 부평대로 지하7', '꽃가게', '21389', '일단. ', 'N'),
	('qwer123', 44, '이이이이이이이이이이이이이이이이잉이이', '김남길', '01045485441', '인천광역시 부평구 부평대로 지하7', '꽃가게', '21389', '일단. ', 'N'),
	('ff', 60, '1242', '4124', '124124', '인천광역시 부평구 동수로 80', '2221', '21431', NULL, 'N'),
	('ff', 61, '1242', '4124', '124124', '인천광역시 부평구 동수로 80', '2221', '21431', NULL, 'N'),
	('test3', 62, 'w22r', '12r', '01034269300', '인천광역시 부평구 경인로1024번길 21', '1211', '21426', NULL, 'N'),
	('test5', 63, 'awdwa', 'qweqweqwe', '', '인천광역시 부평구 부평대로 8', '2422', '21394', NULL, 'N'),
	('test5', 64, '12424', '12412', '01011124567', '인천광역시 부평구 광장로 지하15', '2422', '21404', NULL, 'N'),
	('admin', 74, '테스트', '테스트', '01012341234', '인천광역시 부평구 동수로 80', '여긴 어디죠', '21431', 'ㅋㅋ', 'N'),
	('ttt', 98, '집', '집순이', '01023232323', '인천광역시 부평구 경인로1024번길 21', '부평역', '21426', '잘보내주쇼', 'N'),
	('aaa111', 102, '방시혁', '방시혁', '01012341234', '서울특별시 강동구 진황도로 100', '대표실', '05355', '', 'N'),
	('aaa111', 109, 'zzz', 'zzzz', '01012341234', '서울특별시 강동구 진황도로 100', 'zz', '05355', NULL, 'N'),
	('aaa111', 110, 'dasd', 'sadfdf', '01012341234', '대구광역시 군위군 군위읍 중앙길 12', 'ㅋ', '43118', NULL, 'N'),
	('aaa222', 111, '나나나', '나나나', '01012344114', '인천광역시 미추홀구 주안로 11', 'zz', '22119', '', 'N'),
	('aaa222', 112, 'sdfsadf', 'sdfasf', '01012347123', '서울특별시 강동구 진황도로 100', 'ㄴㄴ', '05355', NULL, 'N'),
	('aaa333', 113, 'fasdfasdf', 'asdfasdf', '01012341234', '서울특별시 강동구 천호대로167길 26', 'sadff', '05339', NULL, 'N'),
	('aaa333', 114, 'dsfasdf', 'sdfasfd', '01012341234', '서울특별시 광진구 용마산로1길 7', 'zz', '04931', NULL, 'N'),
	('비회원', 118, '여대현집', '여대현', '01023232323', '인천광역시 부평구 경인로1024번길 21', '신문', '21426', NULL, 'N'),
	('비회원', 119, '집', '김뭐뭐', '01012341234', '인천광역시 부평구 광장로 지하15', '신문지 위', '21404', NULL, 'N'),
	('123', 120, '테스트', '테스트', '01012341234', '서울특별시 강동구 진황도로 100', '테스트', '05355', '', 'N'),
	('비회원', 121, 'test', 'test1', '01012345678', '인천광역시 부평구 동수로 80', '5165-1', '21431', NULL, 'N'),
	('test12', 122, '테스트', '사람', '01012345678', '인천광역시 부평구 경인로1024번길 21', '541', '21426', '잘보내주세요', 'N'),
	('비회원', 123, 'ㅇㄹㅇㄹㅇㅇ', 'ㅇㄹㅇㄹㄴㄹ', '01035353256', 'ㅇㄹㄴㅇㄹㅇ', 'ㄴㅇㄹㅇㄴㄹ', '35353', NULL, 'N'),
	('비회원', 124, 'test1', 'test', '01012345678', '인천광역시 부평구 광장로 지하15', '1234', '21404', NULL, 'N'),
	('비회원', 125, '테스트', 'test', '01012345678', '인천광역시 부평구 경인로1024번길 21', '123', '21426', NULL, 'N'),
	('비회원', 126, 'test', 'test1', '01012341234', '인천광역시 부평구 경인로1024번길 21', '123', '21426', NULL, 'N'),
	('비회원', 127, 'test11', 'test111', '01012345678', '인천광역시 부평구 경인로1024번길 21', '1234', '21426', NULL, 'N'),
	('비회원', 128, '테스트09', 'test09', '01098765432', '인천광역시 부평구 부평문화로106번길 17', '1234', '21396', NULL, 'N'),
	('test99', 129, '테스트', '테스트', '01012341234', '인천광역시 부평구 경인로1024번길 21', '125', '21426', '', 'N'),
	('test99', 130, 'test', 'test1', '01034567894', '인천광역시 부평구 경인로 지하765', '1234', '21435', NULL, 'N');

-- 테이블 semi.t4_event 구조 내보내기
CREATE TABLE IF NOT EXISTS `t4_event` (
  `EVT_NAME` varchar(50) NOT NULL DEFAULT '' COMMENT '이벤트명',
  `EVT_NO` varchar(10) NOT NULL DEFAULT '' COMMENT '이벤트코드',
  `ARTIST` varchar(20) CHARACTER SET utf8mb4 COLLATE utf8mb4_0900_ai_ci NOT NULL DEFAULT '' COMMENT '아티스트 별칭',
  `EVT_YN` char(50) NOT NULL DEFAULT '''N''' COMMENT '이벤트 진행여부',
  `P_NO` char(50) NOT NULL DEFAULT 'N' COMMENT '어떤상품이 이벤트?',
  PRIMARY KEY (`EVT_NO`)
) ENGINE=InnoDB DEFAULT CHARSET=utf8mb4 COLLATE=utf8mb4_0900_ai_ci COMMENT='이벤트(EVT)';

-- 테이블 데이터 semi.t4_event:~11 rows (대략적) 내보내기
INSERT INTO `t4_event` (`EVT_NAME`, `EVT_NO`, `ARTIST`, `EVT_YN`, `P_NO`) VALUES
	('싱글 1집 \'WHO!\' 구매자 대상 영상통화 팬사인회 안내', 'BND0001', 'BND', 'N', 'BND0001ALB'),
	('V 솔로 앨범 \'Layover\' 발매 기념 친필 사인 포스터 증정 이벤트 안내', 'BTS0001', 'BTS', 'Y', 'BTS0001ALB'),
	('\'Jack In The Box \' 발매 기념 친필 사인 포스터 증정 이벤트', 'BTS0002', 'BTS', 'N', 'BTS0002ALB'),
	('지민 솔로 앨범 \'FACE\' 앨범 구매자 대상 영상통화 팬사인회', 'BTS0003', 'BTS', 'N', 'BTS0003ALB'),
	('DARK BLOOD 구매자 대상 영상통화 팬사인회 안내', 'EHP0001', 'EHP', 'Y', 'EHP0001ALB'),
	('Album \'Unlock My World\' 구매자 대상 쇼케이스 초청 이벤트', 'FMN0001', 'FMN', 'Y', 'FMN0001ALB'),
	('\'UNFORGIVEN 구매자 대상 대면 스페셜 팬사인회 안내', 'LSF0001', 'LSF', 'Y', 'LSF0001ALB'),
	('[OMG] 예약 구매자 대상 영상통화 팬사인회', 'NJS0001', 'NJS', 'Y', 'NJS0001ALB'),
	('\'FML\' 예약 구매자 대상 대면 팬사인회 안내', 'SVT0001', 'SVT', 'Y', 'SVT0001ALB'),
	('오프라인 팬사인회 초청 이벤트', 'TXT0001', 'TXT', 'Y', 'TXT0001ALB'),
	('[Grown Ass Kid] 구매자 대상 영상통화 팬사인회', 'ZIC0001', 'ZIC', 'Y', 'ZIC0001ALB');

-- 테이블 semi.t4_exchange 구조 내보내기
CREATE TABLE IF NOT EXISTS `t4_exchange` (
  `EX_NO` int NOT NULL AUTO_INCREMENT COMMENT '교환반품접수번호',
  `BUY_NO` int DEFAULT NULL COMMENT '상품구매번호',
  `EXCHANGE` char(50) DEFAULT NULL COMMENT 'E > 교환 /  R > 환불',
  `B_REASONS` varchar(2000) CHARACTER SET utf8mb4 COLLATE utf8mb4_0900_ai_ci DEFAULT NULL COMMENT '교환/반품 사유',
  PRIMARY KEY (`EX_NO`)
) ENGINE=InnoDB AUTO_INCREMENT=17 DEFAULT CHARSET=utf8mb4 COLLATE=utf8mb4_0900_ai_ci COMMENT='교환반품';

-- 테이블 데이터 semi.t4_exchange:~2 rows (대략적) 내보내기
INSERT INTO `t4_exchange` (`EX_NO`, `BUY_NO`, `EXCHANGE`, `B_REASONS`) VALUES
	(15, 3, 'R', '개구령 ㅠㅠㅠ'),
	(16, 265, 'C', '하자있음');

-- 테이블 semi.t4_free 구조 내보내기
CREATE TABLE IF NOT EXISTS `t4_free` (
  `F_NAME` varchar(20) CHARACTER SET utf8mb4 COLLATE utf8mb4_0900_ai_ci NOT NULL COMMENT '특전명',
  `F_NO` int NOT NULL COMMENT '특전코드',
  `F_DAY` date DEFAULT NULL COMMENT '지급가능일',
  `F_STOCK` int DEFAULT NULL COMMENT '수량',
  `FAF_NO` int DEFAULT NULL COMMENT 'Free용 첨부파일 테이블 연결',
  PRIMARY KEY (`F_NO`)
) ENGINE=InnoDB DEFAULT CHARSET=utf8mb4 COLLATE=utf8mb4_0900_ai_ci COMMENT='특전(F)';

-- 테이블 데이터 semi.t4_free:~0 rows (대략적) 내보내기
INSERT INTO `t4_free` (`F_NAME`, `F_NO`, `F_DAY`, `F_STOCK`, `FAF_NO`) VALUES
	('BTS 한정 이벤트', 1, '2023-09-23', 10, NULL);

-- 테이블 semi.t4_gboard 구조 내보내기
CREATE TABLE IF NOT EXISTS `t4_gboard` (
  `G_NO` int NOT NULL AUTO_INCREMENT COMMENT '글번호',
  `G_DELYN` char(1) NOT NULL DEFAULT 'N' COMMENT '글 삭제 여부',
  `G_DATE` datetime NOT NULL COMMENT '작성날짜',
  `U_ID` varchar(20) CHARACTER SET utf8mb4 COLLATE utf8mb4_0900_ai_ci NOT NULL COMMENT '아이디',
  `G_LIKE` int NOT NULL DEFAULT '0' COMMENT '좋아요 수 ',
  `ARTIST` varchar(20) CHARACTER SET utf8mb4 COLLATE utf8mb4_0900_ai_ci NOT NULL COMMENT '멤버십 아티스트',
  `G_CONTENT` varchar(500) CHARACTER SET utf8mb4 COLLATE utf8mb4_0900_ai_ci NOT NULL COMMENT '게시글 내용',
  `G_BANYN` int DEFAULT '0' COMMENT '게시글 신고 횟수',
  `G_ARTIST` char(1) CHARACTER SET utf8mb4 COLLATE utf8mb4_0900_ai_ci NOT NULL DEFAULT 'N' COMMENT '아티스트 여부 _ 유저랑 JOIN',
  PRIMARY KEY (`G_NO`)
) ENGINE=InnoDB AUTO_INCREMENT=122 DEFAULT CHARSET=utf8mb4 COLLATE=utf8mb4_0900_ai_ci COMMENT='멤버십 게시판(G)';

-- 테이블 데이터 semi.t4_gboard:~77 rows (대략적) 내보내기
INSERT INTO `t4_gboard` (`G_NO`, `G_DELYN`, `G_DATE`, `U_ID`, `G_LIKE`, `ARTIST`, `G_CONTENT`, `G_BANYN`, `G_ARTIST`) VALUES
	(1, 'N', '2023-08-09 00:00:00', 'happy10823', 0, 'BTS', '아 오늘 덥다~', 1, 'N'),
	(2, 'N', '2023-08-09 00:00:00', 'test2', 0, 'BTS', 'zz', 1, 'N'),
	(7, 'N', '2023-08-09 17:59:38', 'test', 0, 'BTS', '하이염 ^^', 0, 'N'),
	(8, 'N', '2023-08-09 18:05:41', 'test', 0, 'BTS', 'ㅇㅇ', 0, 'N'),
	(9, 'N', '2023-08-09 18:31:16', 'test', 0, 'TXT', '1빠', 0, 'N'),
	(10, 'N', '2023-08-09 18:31:23', 'test', 0, 'EHP', '1빠', 0, 'N'),
	(11, 'N', '2023-08-09 18:31:31', 'test', 0, 'SVT', '1빠', 0, 'N'),
	(12, 'N', '2023-08-09 18:31:36', 'test', 0, 'FMN', '1빠', 0, 'N'),
	(13, 'N', '2023-08-09 18:31:42', 'test', 0, 'LSF', '1빠', 0, 'N'),
	(14, 'N', '2023-08-09 18:31:47', 'test', 0, 'BND', '1빠', 0, 'N'),
	(15, 'N', '2023-08-09 18:31:52', 'test', 0, 'NJS', '1빠', 0, 'N'),
	(16, 'N', '2023-08-09 18:31:58', 'test', 0, 'ZIC', 'ㅋㅋ', 0, 'N'),
	(17, 'N', '2023-08-11 10:44:31', 'Artist_bts', 0, 'BTS', '안녕하세요~! 반찬소녀단의 뷔지찌개입니다~~! \\(@^0^@)/', 0, 'Y'),
	(18, 'N', '2023-08-11 11:21:00', 'Artist_bts', 0, 'BTS', '안냐세요 레몬입니다', 1, 'Y'),
	(21, 'Y', '2023-08-14 00:13:10', 'test', 0, 'TXT', 'dd', 0, 'N'),
	(22, 'N', '2023-08-14 00:14:20', 'test', 0, 'EHP', '엔하이픈 화이팅~!', 0, 'N'),
	(23, 'N', '2023-08-14 00:14:53', 'test', 0, 'SVT', 'xx', 0, 'N'),
	(24, 'N', '2023-08-14 00:15:13', 'test', 0, 'FMN', 'dd', 0, 'N'),
	(25, 'N', '2023-08-14 00:15:34', 'test', 0, 'LSF', 'dd', 0, 'N'),
	(26, 'N', '2023-08-14 00:16:21', 'test', 0, 'ZIC', '지코 = 여코 여코 화이팅 ^^!', 0, 'N'),
	(27, 'N', '2023-08-14 00:21:13', 'test', 0, 'BTS', '히히히히ㅣ', 7, 'N'),
	(28, 'N', '2023-08-16 14:30:13', 'test', 0, 'BTS', '안녕하세요?', 0, 'N'),
	(59, 'N', '2023-08-16 16:49:17', 'test', 0, 'BTS', '이미지 테스트용', 0, 'N'),
	(60, 'N', '2023-08-16 16:49:56', 'test', 0, 'BTS', '이미지 테스트용2', 0, 'N'),
	(61, 'Y', '2023-08-16 16:53:56', 'test', 0, 'BTS', '이미지 테스트용3', 0, 'N'),
	(62, 'Y', '2023-08-18 16:43:26', 'test', 0, 'BTS', 'ㅇㅇㅇㅇㅇ', 0, 'N'),
	(63, 'Y', '2023-08-18 16:46:52', 'test', 0, 'BTS', 'ss', 0, 'N'),
	(64, 'N', '2023-08-19 00:24:53', 'test', 0, 'BTS', '감사감사~~!', 1, 'N'),
	(65, 'Y', '2023-08-19 00:25:25', 'test', 0, 'BTS', '', 0, 'N'),
	(66, 'Y', '2023-08-19 00:31:31', 'test', 0, 'BTS', '', 0, 'N'),
	(67, 'Y', '2023-08-19 00:32:23', 'test', 0, 'BTS', '뚜뚜따따따따띠띠띠 ^O^~', 0, 'N'),
	(68, 'Y', '2023-08-19 00:32:51', 'test', 0, 'BTS', '쿼카카카', 0, 'N'),
	(69, 'N', '2023-08-19 00:34:06', 'test', 0, 'BTS', '쿼어카', 3, 'N'),
	(77, 'N', '2023-08-25 23:40:04', 'test', 0, 'NJS', '사랑해요누진세', 0, 'N'),
	(78, 'N', '2023-08-26 23:43:44', 'test', 0, 'BTS', '안녕하세요', 0, 'N'),
	(79, 'N', '2023-08-27 14:46:47', 'dd', 0, 'LSF', '멀봐 ', 0, 'N'),
	(80, 'N', '2023-08-27 15:12:16', 'Artist_BND', 0, 'BND', '안녕하세요 보넥도입니다', 0, 'Y'),
	(81, 'N', '2023-08-27 15:13:14', 'Artist_BND', 0, 'BND', '테스트', 5, 'Y'),
	(82, 'N', '2023-08-27 15:15:53', 'Artist_BND', 0, 'BND', '코기', 0, 'Y'),
	(83, 'Y', '2023-08-27 19:43:05', 'qwer123', 0, 'BTS', '113', 0, 'N'),
	(84, 'Y', '2023-08-27 19:43:14', 'qwer123', 0, 'BTS', '113', 0, 'N'),
	(85, 'Y', '2023-08-27 19:43:29', 'qwer123', 0, 'BTS', '113', 0, 'N'),
	(86, 'N', '2023-08-27 19:44:25', 'qwer123', 0, 'BTS', '112', 5, 'N'),
	(87, 'N', '2023-08-27 20:27:20', 'Artist_BTS', 0, 'BTS', '비티에스 임니다.\n글을 쓰구 있어용\n마니쓸거에요\n비티에스 비티에스!!\n비티에수!!!', 0, 'Y'),
	(88, 'N', '2023-08-27 20:34:27', 'Artist_BTS', 0, 'BTS', '비티에스비티에스비티에스비티에스비티에스비티에스비티에스비티에스비티에스비티에스비티에스비티에스비티에스비티에스비티에스비티에스비티에스비티에스비티에스비티에스비티에스비티에스비티에스비티에스비티에스비티에스비티에스비티에스비티에스비티에스비티에스비티에스비티에스비티에스비티에스비티에스비티에스비티에스비티에스비티에스비티에스비티에스비티에스비티에스비티에스비티에스비티에스비티에스비티에스비티에스비티에스비티에스비티에스비티에스비티에스비티에스비티에스비티에스비티에스비티에스비티에스비티에스비티에스비티에스비티에스비티에스비티에스비티에스비티에스비티에스비티에스비티에스비티에스비티에스비티에스비티에스비티에스비티에스비티에스비티에스비티에스비티에스비티에스비티에스비티에스비티에스비티에스비티에스비티에스비티에스비티에스비티에스비티에스비티에스비티에스비티에스비티에스비티에스비티에스비티에스비티에스비티에스비티에스비티에스비티에스비티에스비티에스비티에스비티에스비티에스비티에스비티에스비티에스비티에스비티에스비티에스', 0, 'Y'),
	(89, 'N', '2023-08-27 20:40:27', 'Artist_BTS', 0, 'BTS', '글 테스트 하구 있는 비티에스임니당!', 0, 'Y'),
	(90, 'N', '2023-08-27 20:41:57', 'Artist_BTS', 0, 'BTS', '비티에스지롱', 0, 'Y'),
	(91, 'N', '2023-08-28 17:31:38', 'Artist_BND', 0, 'BND', '멀봐', 0, 'Y'),
	(92, 'N', '2023-08-28 17:31:46', 'Artist_BND', 0, 'BND', '테스트', 0, 'Y'),
	(93, 'N', '2023-08-28 17:32:21', 'Artist_BTS', 0, 'BTS', '안녕하세요 여러분~! 오늘은 날씨가 아주 좋지 않아요! 비 맞지않게조심하시구 우산 잘 들고다니세요~! 안그럼 대머리돼요~!', 0, 'Y'),
	(94, 'N', '2023-08-28 17:33:05', 'Artist_EHP', 0, 'EHP', '엔하이픈', 0, 'Y'),
	(95, 'N', '2023-08-28 17:33:13', 'Artist_EHP', 0, 'EHP', '테테테스트', 0, 'Y'),
	(96, 'N', '2023-08-28 17:33:23', 'Artist_EHP', 0, 'EHP', '테스트', 0, 'Y'),
	(97, 'N', '2023-08-28 17:39:30', 'Artist_LSF', 0, 'LSF', 'sienslef', 0, 'Y'),
	(98, 'N', '2023-08-28 17:39:38', 'Artist_LSF', 0, 'LSF', 'dfll', 0, 'Y'),
	(99, 'N', '2023-08-28 17:41:21', 'Artist_LSF', 0, 'LSF', '♚♚히어로즈 오브 더 스☆톰♚♚가입시$$전원 카드팩☜☜뒷면100%증정※ ♜월드오브 워크래프트♜펫 무료증정￥ 특정조건 §§디아블로3§§★공허의유산★초상화획득기회@@@ 즉시이동http://kr.battle.net/heroes/ko/', 0, 'Y'),
	(100, 'N', '2023-08-28 17:44:35', 'Artist_NJS', 0, 'NJS', '누진세 많이나와', 0, 'Y'),
	(101, 'N', '2023-08-28 17:44:43', 'Artist_NJS', 0, 'NJS', '여대현씨가 늙어간다 ', 0, 'Y'),
	(102, 'N', '2023-08-28 17:45:21', 'Artist_NJS', 0, 'NJS', '잉잉잉잉', 0, 'Y'),
	(103, 'N', '2023-08-28 18:03:03', 'Artist_SVT', 0, 'SVT', '세', 0, 'Y'),
	(104, 'N', '2023-08-28 18:03:06', 'Artist_SVT', 0, 'SVT', '븐', 0, 'Y'),
	(105, 'N', '2023-08-28 18:03:10', 'Artist_SVT', 0, 'SVT', '틴', 0, 'Y'),
	(106, 'N', '2023-08-28 18:03:30', 'Artist_TXT', 0, 'TXT', '투', 0, 'Y'),
	(107, 'N', '2023-08-28 18:03:33', 'Artist_TXT', 0, 'TXT', '바', 0, 'Y'),
	(108, 'N', '2023-08-28 18:03:36', 'Artist_TXT', 0, 'TXT', '투', 0, 'Y'),
	(109, 'N', '2023-08-28 18:04:27', 'Artist_ZIC', 0, 'ZIC', '코', 0, 'Y'),
	(110, 'N', '2023-08-28 18:04:32', 'Artist_ZIC', 0, 'ZIC', '여', 0, 'Y'),
	(111, 'N', '2023-08-28 18:04:34', 'Artist_ZIC', 0, 'ZIC', '지', 0, 'Y'),
	(112, 'N', '2023-08-28 18:06:26', 'Artist_FMN', 0, 'FMN', '프', 0, 'Y'),
	(113, 'N', '2023-08-28 18:06:32', 'Artist_FMN', 0, 'FMN', '로', 0, 'Y'),
	(114, 'N', '2023-08-28 18:06:38', 'Artist_FMN', 0, 'FMN', '미스나인', 0, 'Y'),
	(115, 'N', '2023-08-28 19:34:43', 'test', 0, 'BTS', 'ㅇㅇㅇㅇ', 0, 'N'),
	(116, 'N', '2023-08-28 19:41:32', 'Artist_NJS', 1, 'NJS', ',,,', 0, 'Y'),
	(117, 'N', '2023-08-28 19:41:54', 'test', 0, 'BTS', 'ㅇㅇ', 0, 'N'),
	(119, 'N', '2023-08-29 09:40:05', 'test', 2, 'NJS', 'NJS', 1, 'N'),
	(120, 'N', '2023-08-29 10:47:38', 'admin', 1, 'NJS', '사랑해요 누진세', 0, 'N'),
	(121, 'N', '2023-08-30 14:50:04', 'admin', 0, 'BTS', '안녕하세요', 0, 'N');

-- 테이블 semi.t4_gboard_img 구조 내보내기
CREATE TABLE IF NOT EXISTS `t4_gboard_img` (
  `GF_NO` int NOT NULL AUTO_INCREMENT COMMENT '첨부파일 번호',
  `G_NO` int NOT NULL COMMENT '게시글 번호 - GBoard join 용',
  `FILENAME` varchar(100) NOT NULL COMMENT '첨부파일 원본 이름',
  `PATH` varchar(100) NOT NULL COMMENT '첨부파일 경로',
  PRIMARY KEY (`GF_NO`)
) ENGINE=InnoDB AUTO_INCREMENT=21 DEFAULT CHARSET=utf8mb4 COLLATE=utf8mb4_0900_ai_ci COMMENT='멤버쉽게시판용 첨부파일(GF)';

-- 테이블 데이터 semi.t4_gboard_img:~11 rows (대략적) 내보내기
INSERT INTO `t4_gboard_img` (`GF_NO`, `G_NO`, `FILENAME`, `PATH`) VALUES
	(5, 59, '202371644918544.png', '../img/GBoardIMG/202371644918544.png'),
	(6, 60, '202371644957262.png', '../img/GBoardIMG/202371644957262.png'),
	(9, 64, '202371902453700.png', '../img/GBoardIMG/202371902453700.png'),
	(10, 69, '20237190346743.png', '../img/GBoardIMG/20237190346743.png'),
	(11, 81, '202372731313768.jpg', '../img/GBoardIMG/202372731313768.jpg'),
	(12, 82, '202372731552561.jpg', '../img/GBoardIMG/202372731552561.jpg'),
	(16, 86, '202372774425974.png', '../img/GBoardIMG/202372774425974.png'),
	(17, 89, '202372784026601.jpg', '../img/GBoardIMG/202372784026601.jpg'),
	(18, 118, '202372874444945.jpg', '../img/GBoardIMG/202372874444945.jpg'),
	(19, 119, '20237299404630.jpg', '../img/GBoardIMG/20237299404630.jpg'),
	(20, 121, '20237302508490.gif', '../img/GBoardIMG/20237302508490.gif');

-- 테이블 semi.t4_gboard_like 구조 내보내기
CREATE TABLE IF NOT EXISTS `t4_gboard_like` (
  `LIKE_NO` int NOT NULL AUTO_INCREMENT,
  `U_ID` varchar(50) NOT NULL,
  `G_NO` int NOT NULL,
  `LIKE_DATE` timestamp NULL DEFAULT CURRENT_TIMESTAMP,
  PRIMARY KEY (`LIKE_NO`) USING BTREE,
  UNIQUE KEY `UNIQUE_U_ID_G_NO` (`U_ID`,`G_NO`),
  KEY `FK_GBOARD_LIKE_GBOARD` (`G_NO`),
  CONSTRAINT `FK_GBOARD_LIKE_GBOARD` FOREIGN KEY (`G_NO`) REFERENCES `t4_gboard` (`G_NO`),
  CONSTRAINT `FK_GBOARD_LIKE_USER` FOREIGN KEY (`U_ID`) REFERENCES `t4_user` (`U_ID`)
) ENGINE=InnoDB AUTO_INCREMENT=246 DEFAULT CHARSET=utf8mb4 COLLATE=utf8mb4_0900_ai_ci COMMENT='좋아요 테이블 (LIKE)';

-- 테이블 데이터 semi.t4_gboard_like:~4 rows (대략적) 내보내기
INSERT INTO `t4_gboard_like` (`LIKE_NO`, `U_ID`, `G_NO`, `LIKE_DATE`) VALUES
	(217, 'test', 119, '2023-08-29 01:31:49'),
	(241, 'admin', 119, '2023-08-29 02:05:41'),
	(242, 'admin', 120, '2023-08-29 02:05:45'),
	(245, 'admin', 116, '2023-08-30 05:50:43');

-- 테이블 semi.t4_gboard_notice 구조 내보내기
CREATE TABLE IF NOT EXISTS `t4_gboard_notice` (
  `NO_NO` int NOT NULL AUTO_INCREMENT COMMENT '알람 번호',
  `NO_READ` char(1) CHARACTER SET utf8mb4 COLLATE utf8mb4_0900_ai_ci NOT NULL DEFAULT 'N' COMMENT '알람 읽음 여부 N, Y',
  `U_ID` varchar(20) CHARACTER SET utf8mb4 COLLATE utf8mb4_0900_ai_ci NOT NULL COMMENT '유저 아이디, 멤버쉽과 조인',
  `NO_TYPE` varchar(20) CHARACTER SET utf8mb4 COLLATE utf8mb4_0900_ai_ci NOT NULL COMMENT '알람 타입 (ALERT공지, COMM댓글, COCOMM 대댓글, LIKE 좋아요,WRITE아티스트게시글)',
  `G_NO` int NOT NULL COMMENT '알람이 발생한 글 번호',
  `NO_MESSAGE` varchar(255) CHARACTER SET utf8mb4 COLLATE utf8mb4_0900_ai_ci NOT NULL COMMENT '알람 메시지',
  `NO_TIME` datetime NOT NULL COMMENT '알람 발생 시간 NOW()로 때우자',
  `G_ARTIST` char(1) CHARACTER SET utf8mb4 COLLATE utf8mb4_0900_ai_ci NOT NULL DEFAULT 'N' COMMENT '아티스트 알람인지 아닌지',
  PRIMARY KEY (`NO_NO`)
) ENGINE=InnoDB AUTO_INCREMENT=140 DEFAULT CHARSET=utf8mb4 COLLATE=utf8mb4_0900_ai_ci COMMENT='멤버쉽 게시판 알람 기능 (NO)';

-- 테이블 데이터 semi.t4_gboard_notice:~66 rows (대략적) 내보내기
INSERT INTO `t4_gboard_notice` (`NO_NO`, `NO_READ`, `U_ID`, `NO_TYPE`, `G_NO`, `NO_MESSAGE`, `NO_TIME`, `G_ARTIST`) VALUES
	(3, 'N', 'Artist_BTS', 'WRITE', 89, 'Artist_BTS님이 게시글을 작성하였습니다!', '2023-08-27 20:40:27', 'Y'),
	(4, 'N', 'Artist_BTS', 'WRITE', 90, 'Artist_BTS님이 게시글을 작성하였습니다!', '2023-08-27 20:41:57', 'Y'),
	(60, 'N', 'Artist_BTS', 'COMM', 89, 'Artist_BTS님이 게시글에 댓글을 작성하였습니다.', '2023-08-28 01:59:26', 'Y'),
	(61, 'N', 'test', 'COMM', 89, 'test님이 게시글에 댓글을 작성하였습니다.', '2023-08-28 02:06:25', 'N'),
	(65, 'N', 'test', 'COMM', 90, 'test님이 게시글에 댓글을 작성하였습니다.', '2023-08-28 11:03:40', 'N'),
	(66, 'N', 'test', 'COMM', 90, 'test님이 게시글에 댓글을 작성하였습니다.', '2023-08-28 13:02:02', 'N'),
	(67, 'N', 'test', 'COMM', 90, 'test님이 게시글에 댓글을 작성하였습니다.', '2023-08-28 13:07:18', 'N'),
	(68, 'N', 'test', 'COMM', 90, 'test님이 게시글에 댓글을 작성하였습니다.', '2023-08-28 14:34:13', 'N'),
	(69, 'N', 'test', 'COMM', 90, 'test님이 게시글에 댓글을 작성하였습니다.', '2023-08-28 15:14:09', 'N'),
	(70, 'N', 'Artist_BND', 'WRITE', 91, 'Artist_BND님이 게시글을 작성하였습니다!', '2023-08-28 17:31:38', 'Y'),
	(71, 'N', 'Artist_BND', 'WRITE', 92, 'Artist_BND님이 게시글을 작성하였습니다!', '2023-08-28 17:31:46', 'Y'),
	(72, 'N', 'Artist_BTS', 'WRITE', 93, 'Artist_BTS님이 게시글을 작성하였습니다!', '2023-08-28 17:32:21', 'Y'),
	(73, 'N', 'Artist_EHP', 'WRITE', 94, 'Artist_EHP님이 게시글을 작성하였습니다!', '2023-08-28 17:33:05', 'Y'),
	(74, 'N', 'Artist_EHP', 'WRITE', 95, 'Artist_EHP님이 게시글을 작성하였습니다!', '2023-08-28 17:33:13', 'Y'),
	(75, 'N', 'Artist_EHP', 'WRITE', 96, 'Artist_EHP님이 게시글을 작성하였습니다!', '2023-08-28 17:33:23', 'Y'),
	(76, 'N', 'Artist_LSF', 'WRITE', 97, 'Artist_LSF님이 게시글을 작성하였습니다!', '2023-08-28 17:39:30', 'Y'),
	(77, 'N', 'Artist_LSF', 'WRITE', 98, 'Artist_LSF님이 게시글을 작성하였습니다!', '2023-08-28 17:39:38', 'Y'),
	(78, 'N', 'Artist_LSF', 'WRITE', 99, 'Artist_LSF님이 게시글을 작성하였습니다!', '2023-08-28 17:41:21', 'Y'),
	(81, 'N', 'Artist_NJS', 'WRITE', 100, 'Artist_NJS님이 게시글을 작성하였습니다!', '2023-08-28 17:44:35', 'Y'),
	(82, 'N', 'Artist_NJS', 'WRITE', 101, 'Artist_NJS님이 게시글을 작성하였습니다!', '2023-08-28 17:44:43', 'Y'),
	(83, 'N', 'Artist_NJS', 'WRITE', 102, 'Artist_NJS님이 게시글을 작성하였습니다!', '2023-08-28 17:45:21', 'Y'),
	(85, 'N', 'Artist_SVT', 'WRITE', 103, 'Artist_SVT님이 게시글을 작성하였습니다!', '2023-08-28 18:03:03', 'Y'),
	(86, 'N', 'Artist_SVT', 'WRITE', 104, 'Artist_SVT님이 게시글을 작성하였습니다!', '2023-08-28 18:03:07', 'Y'),
	(87, 'N', 'Artist_SVT', 'WRITE', 105, 'Artist_SVT님이 게시글을 작성하였습니다!', '2023-08-28 18:03:10', 'Y'),
	(88, 'N', 'Artist_TXT', 'WRITE', 106, 'Artist_TXT님이 게시글을 작성하였습니다!', '2023-08-28 18:03:30', 'Y'),
	(89, 'N', 'Artist_TXT', 'WRITE', 107, 'Artist_TXT님이 게시글을 작성하였습니다!', '2023-08-28 18:03:33', 'Y'),
	(90, 'N', 'Artist_TXT', 'WRITE', 108, 'Artist_TXT님이 게시글을 작성하였습니다!', '2023-08-28 18:03:36', 'Y'),
	(91, 'N', 'Artist_ZIC', 'WRITE', 109, 'Artist_ZIC님이 게시글을 작성하였습니다!', '2023-08-28 18:04:27', 'Y'),
	(92, 'N', 'Artist_ZIC', 'WRITE', 110, 'Artist_ZIC님이 게시글을 작성하였습니다!', '2023-08-28 18:04:32', 'Y'),
	(93, 'N', 'Artist_ZIC', 'WRITE', 111, 'Artist_ZIC님이 게시글을 작성하였습니다!', '2023-08-28 18:04:34', 'Y'),
	(94, 'N', 'Artist_FMN', 'WRITE', 112, 'Artist_FMN님이 게시글을 작성하였습니다!', '2023-08-28 18:06:26', 'Y'),
	(95, 'N', 'Artist_FMN', 'WRITE', 113, 'Artist_FMN님이 게시글을 작성하였습니다!', '2023-08-28 18:06:32', 'Y'),
	(96, 'N', 'Artist_FMN', 'WRITE', 114, 'Artist_FMN님이 게시글을 작성하였습니다!', '2023-08-28 18:06:38', 'Y'),
	(97, 'N', 'test', 'COMM', 78, 'test님이 게시글에 댓글을 작성하였습니다.', '2023-08-28 18:18:12', 'N'),
	(98, 'N', 'test', 'COMM', 93, 'test님이 게시글에 댓글을 작성하였습니다.', '2023-08-28 18:55:36', 'N'),
	(104, 'N', 'Artist_NJS', 'WRITE', 116, 'Artist_NJS님이 게시글을 작성하였습니다!', '2023-08-28 19:41:32', 'Y'),
	(105, 'N', 'admin', 'COMM', 101, 'admin님이 게시글에 댓글을 작성하였습니다.', '2023-08-28 19:46:55', 'N'),
	(106, 'N', 'test', 'COMM', 117, 'test님이 게시글에 댓글을 작성하였습니다.', '2023-08-28 19:48:48', 'N'),
	(107, 'N', 'test1', 'COMM', 118, 'test1님이 게시글에 댓글을 작성하였습니다.', '2023-08-28 19:50:19', 'N'),
	(108, 'N', 'test', 'COMM', 117, 'test님이 게시글에 댓글을 작성하였습니다.', '2023-08-28 19:51:01', 'N'),
	(110, 'N', 'test', 'COMM', 117, 'test님이 게시글에 댓글을 작성하였습니다.', '2023-08-29 00:16:34', 'N'),
	(111, 'N', 'test', 'COMM', 117, 'test님이 게시글에 댓글을 작성하였습니다.', '2023-08-29 00:25:11', 'N'),
	(113, 'N', 'test', 'COMM', 93, 'test님이 게시글에 댓글을 작성하였습니다.', '2023-08-29 02:47:58', 'N'),
	(114, 'N', 'test', 'COMM', 93, 'test님이 게시글에 댓글을 작성하였습니다.', '2023-08-29 02:47:58', 'N'),
	(116, 'N', 'test', 'COMM', 119, 'test님이 게시글에 댓글을 작성하였습니다.', '2023-08-29 09:57:30', 'N'),
	(117, 'N', 'test', 'COMM', 119, 'test님이 게시글에 댓글을 작성하였습니다.', '2023-08-29 09:59:50', 'N'),
	(118, 'N', 'test', 'COMM', 119, 'test님이 게시글에 댓글을 작성하였습니다.', '2023-08-29 10:01:33', 'N'),
	(119, 'N', 'test', 'COMM', 119, 'test님이 게시글에 댓글을 작성하였습니다.', '2023-08-29 10:01:49', 'N'),
	(120, 'N', 'test', 'COMM', 119, 'test님이 게시글에 댓글을 작성하였습니다.', '2023-08-29 10:02:57', 'N'),
	(121, 'N', 'test', 'COMM', 119, 'test님이 게시글에 댓글을 작성하였습니다.', '2023-08-29 10:03:48', 'N'),
	(123, 'N', 'test', 'COMM', 119, 'test님이 게시글에 댓글을 작성하였습니다.', '2023-08-29 10:07:14', 'N'),
	(124, 'N', 'test', 'COMM', 119, 'test님이 게시글에 댓글을 작성하였습니다.', '2023-08-29 10:08:15', 'N'),
	(125, 'N', 'test', 'COMM', 119, 'test님이 게시글에 댓글을 작성하였습니다.', '2023-08-29 10:08:32', 'N'),
	(126, 'N', 'test', 'COMM', 119, 'test님이 게시글에 댓글을 작성하였습니다.', '2023-08-29 10:11:19', 'N'),
	(127, 'N', 'test', 'COMM', 119, 'test님이 게시글에 댓글을 작성하였습니다.', '2023-08-29 10:11:57', 'N'),
	(129, 'N', 'test', 'COMM', 119, 'test님이 게시글에 댓글을 작성하였습니다.', '2023-08-29 10:19:14', 'N'),
	(130, 'N', 'test', 'COMM', 119, 'test님이 게시글에 댓글을 작성하였습니다.', '2023-08-29 10:19:48', 'N'),
	(131, 'N', 'test', 'LIKE', 116, 'test님이 게시글에 좋아요를 눌렀습니다.', '2023-08-29 10:29:44', 'N'),
	(132, 'N', 'test', 'LIKE', 119, 'test님이 게시글에 좋아요를 눌렀습니다.', '2023-08-29 10:31:41', 'N'),
	(133, 'N', 'admin', 'LIKE', 119, 'admin님이 게시글에 좋아요를 눌렀습니다.', '2023-08-29 10:37:37', 'N'),
	(134, 'N', 'test', 'LIKE', 117, 'test님이 게시글에 좋아요를 눌렀습니다.', '2023-08-29 10:46:41', 'N'),
	(135, 'N', 'admin', 'COMM', 120, 'admin님이 게시글에 댓글을 작성하였습니다.', '2023-08-29 10:47:46', 'N'),
	(136, 'N', 'admin', 'LIKE', 120, 'admin님이 게시글에 좋아요를 눌렀습니다.', '2023-08-29 11:04:06', 'N'),
	(137, 'N', 'test', 'COMM', 117, 'test님이 게시글에 댓글을 작성하였습니다.', '2023-08-30 10:23:04', 'N'),
	(138, 'N', 'admin', 'LIKE', 116, 'admin님이 게시글에 좋아요를 눌렀습니다.', '2023-08-30 14:50:42', 'N'),
	(139, 'N', 'admin', 'COMM', 116, 'admin님이 게시글에 댓글을 작성하였습니다.', '2023-08-30 14:50:53', 'N');

-- 테이블 semi.t4_gboard_profile 구조 내보내기
CREATE TABLE IF NOT EXISTS `t4_gboard_profile` (
  `GP_NO` int NOT NULL AUTO_INCREMENT,
  `U_ID` varchar(50) CHARACTER SET utf8mb4 COLLATE utf8mb4_0900_ai_ci NOT NULL,
  `NICKNAME` varchar(20) CHARACTER SET utf8mb4 COLLATE utf8mb4_0900_ai_ci NOT NULL,
  `ARTIST` varchar(20) CHARACTER SET utf8mb4 COLLATE utf8mb4_0900_ai_ci NOT NULL,
  `GP_FILENAME` varchar(100) CHARACTER SET utf8mb4 COLLATE utf8mb4_0900_ai_ci DEFAULT NULL,
  `GP_PATH` varchar(100) CHARACTER SET utf8mb4 COLLATE utf8mb4_0900_ai_ci DEFAULT NULL,
  PRIMARY KEY (`GP_NO`),
  KEY `FK_GBOARD_PROFILE_USER` (`U_ID`),
  CONSTRAINT `FK_GBOARD_PROFILE_USER` FOREIGN KEY (`U_ID`) REFERENCES `t4_user` (`U_ID`)
) ENGINE=InnoDB AUTO_INCREMENT=39 DEFAULT CHARSET=utf8mb4 COLLATE=utf8mb4_0900_ai_ci COMMENT='멤버쉽 게시판 프로필 테이블 (GP)';

-- 테이블 데이터 semi.t4_gboard_profile:~33 rows (대략적) 내보내기
INSERT INTO `t4_gboard_profile` (`GP_NO`, `U_ID`, `NICKNAME`, `ARTIST`, `GP_FILENAME`, `GP_PATH`) VALUES
	(1, 'test', '비티에스러부S2', 'BTS', '202371851827158.png', '../img/GBoardIMG/202371851827158.png'),
	(2, 'test', '뉴진스S2S2', 'NJS', '202371902231384.png', '../img/GBoardIMG/202371902231384.png'),
	(4, 'happy10823', '비티짱', 'BTS', NULL, NULL),
	(6, 'admin', '운영자_njs', 'NJS', '202372873012228.jpg', '../img/GBoardIMG/202372873012228.jpg'),
	(7, 'admin', '운영자_bts', 'BTS', '202373025211702.png', '../img/GBoardIMG/202373025211702.png'),
	(8, 'admin', '운영자_lsf', 'LSF', NULL, NULL),
	(9, 'admin', '운영자_svt', 'SVT', NULL, NULL),
	(10, 'admin', '운영자_fmn', 'FMN', NULL, NULL),
	(11, 'admin', '운영자_txt', 'TXT', NULL, NULL),
	(12, 'admin', '운영자_ehp', 'EHP', NULL, NULL),
	(13, 'admin', '운영자_bnd', 'BND', NULL, NULL),
	(14, 'admin', '운영자_zic', 'ZIC', NULL, NULL),
	(15, 'test1', '르르세라핌', 'LSF', NULL, NULL),
	(16, 'test1', '하픈', 'EHP', NULL, NULL),
	(17, 'qwer123', '머요', 'BTS', NULL, NULL),
	(18, 'Artist_BTS', '방탄소년단', 'BTS', '20237291514583.png', '../img/GBoardIMG/20237291514583.png'),
	(19, 'Artist_NJS', '뉴진스', 'NJS', '202372911130326.png', '../img/GBoardIMG/202372911130326.png'),
	(20, 'Artist_LSF', '르세라핌', 'LSF', '20237291748618.png', '../img/GBoardIMG/20237291748618.png'),
	(21, 'Artist_SVT', '세븐틴', 'SVT', '20237291836843.png', '../img/GBoardIMG/20237291836843.png'),
	(22, 'Artist_FMN', '프로미스나인', 'FMN', '2023729191466.png', '../img/GBoardIMG/2023729191466.png'),
	(23, 'Artist_TXT', '투모로우바이투게더', 'TXT', '20237291107292.png', '../img/GBoardIMG/20237291107292.png'),
	(24, 'Artist_EHP', '엔하이픈', 'EHP', '202372911044354.png', '../img/GBoardIMG/202372911044354.png'),
	(25, 'Artist_BND', '보이넥스트도어', 'BND', '20237291118877.png', '../img/GBoardIMG/20237291118877.png'),
	(27, 'Artist_ZIC', '지코', 'ZIC', '20237291114482.png', '../img/GBoardIMG/20237291114482.png'),
	(28, 'test1', 'test1', 'TXT', NULL, NULL),
	(29, 'test', 'test', 'EHP', '202372810508144.jpg', '../img/GBoardIMG/202372810508144.jpg'),
	(32, 'test1', 'test1', 'NJS', NULL, NULL),
	(33, 'ttt', '지아코', 'ZIC', '202372811915874.jpg', '../img/GBoardIMG/202372811915874.jpg'),
	(34, 'aaa111', 'aaa111', 'EHP', NULL, NULL),
	(35, 'aaa111', 'aaa111', 'SVT', NULL, NULL),
	(36, 'aaa111', 'aaa111', 'BTS', NULL, NULL),
	(37, 'test', '세븐틴조아', 'SVT', '202372944730932.jpg', '../img/GBoardIMG/202372944730932.jpg'),
	(38, 'test', 'test', 'FMN', NULL, NULL);

-- 테이블 semi.t4_gboard_report 구조 내보내기
CREATE TABLE IF NOT EXISTS `t4_gboard_report` (
  `GR_NO` int NOT NULL AUTO_INCREMENT,
  `G_NO` int NOT NULL,
  `REASON` char(1) CHARACTER SET utf8mb4 COLLATE utf8mb4_0900_ai_ci NOT NULL,
  `OTHER_REASON` varchar(255) CHARACTER SET utf8mb4 COLLATE utf8mb4_0900_ai_ci DEFAULT NULL,
  `DESCRIPTION` text CHARACTER SET utf8mb4 COLLATE utf8mb4_0900_ai_ci,
  `reportedAt` timestamp NULL DEFAULT CURRENT_TIMESTAMP,
  `U_ID` varchar(50) CHARACTER SET utf8mb4 COLLATE utf8mb4_0900_ai_ci NOT NULL COMMENT '신고자 아이디',
  PRIMARY KEY (`GR_NO`) USING BTREE
) ENGINE=InnoDB AUTO_INCREMENT=25 DEFAULT CHARSET=utf8mb4 COLLATE=utf8mb4_0900_ai_ci COMMENT='멤버쉽 게시판 신고 테이블 (GR)';

-- 테이블 데이터 semi.t4_gboard_report:~24 rows (대략적) 내보내기
INSERT INTO `t4_gboard_report` (`GR_NO`, `G_NO`, `REASON`, `OTHER_REASON`, `DESCRIPTION`, `reportedAt`, `U_ID`) VALUES
	(1, 2, 'A', '', '이사람이절엄청나게개롭혓어요 ㅠ', '2023-08-16 02:53:27', 'test'),
	(2, 27, 'A', '', 'dd', '2023-08-16 03:44:17', 'test'),
	(3, 1, 'B', '', '뻐큐', '2023-08-16 03:44:46', 'test'),
	(4, 27, 'D', '', '광고 ㄴ', '2023-08-16 03:47:35', 'test'),
	(5, 27, 'D', '', '광고하지마새요', '2023-08-16 03:48:06', 'test'),
	(6, 27, 'A', '', 'd', '2023-08-16 04:07:42', 'test'),
	(7, 27, 'A', '', 'd', '2023-08-16 04:07:47', 'test'),
	(8, 18, 'C', '', '신고함 ㅋㅋ ', '2023-08-16 05:03:46', ''),
	(9, 69, 'A', '', '얘가날개롭혓어요', '2023-08-21 15:28:38', 'test'),
	(10, 64, 'A', '', '', '2023-08-25 10:45:43', 'test'),
	(11, 81, 'A', '', '개롭힘', '2023-08-27 09:30:40', 'test'),
	(12, 81, 'A', '', '개롭힘', '2023-08-27 09:30:45', 'test'),
	(13, 81, 'A', '', '개롭힘', '2023-08-27 09:30:49', 'test'),
	(14, 81, 'A', '', '개롭힘', '2023-08-27 09:30:54', 'test'),
	(15, 81, 'A', '', '개롭힘', '2023-08-27 09:30:58', 'test'),
	(16, 86, 'A', '', '', '2023-08-27 10:46:02', 'qwer123'),
	(17, 86, 'A', '', '', '2023-08-27 10:46:13', 'qwer123'),
	(18, 86, 'B', '', '', '2023-08-27 10:46:16', 'qwer123'),
	(19, 86, 'C', '', '', '2023-08-27 10:46:19', 'qwer123'),
	(20, 86, 'D', '', '', '2023-08-27 10:46:23', 'qwer123'),
	(21, 69, 'A', '', '', '2023-08-27 10:46:55', 'qwer123'),
	(22, 69, 'B', '', '', '2023-08-27 10:47:00', 'qwer123'),
	(23, 118, 'A', '', 'ㅋ', '2023-08-28 10:56:54', 'test1'),
	(24, 119, 'E', '기타신고합니다', '집갈래요', '2023-08-29 00:56:58', 'test');

-- 테이블 semi.t4_gcomments 구조 내보내기
CREATE TABLE IF NOT EXISTS `t4_gcomments` (
  `GC_NO` int NOT NULL AUTO_INCREMENT COMMENT '댓글번호',
  `ARTIST` varchar(50) NOT NULL COMMENT '아티스트',
  `G_NO` int NOT NULL COMMENT '게시판 번호',
  `U_ID` varchar(20) NOT NULL COMMENT '아이디',
  `GC_CONTENT` varchar(500) CHARACTER SET utf8mb4 COLLATE utf8mb4_0900_ai_ci NOT NULL COMMENT '댓글내용',
  `GC_LIKE` int NOT NULL DEFAULT '0' COMMENT '댓글좋아요 수 ',
  `GC_DATE` datetime DEFAULT NULL COMMENT '댓글 등록일',
  `GC_DELYN` char(1) CHARACTER SET utf8mb4 COLLATE utf8mb4_0900_ai_ci NOT NULL DEFAULT 'N' COMMENT '댓글 삭제 여부',
  `GC_GROUP` int DEFAULT NULL COMMENT '대댓글용 _ 댓글번호 저장용 ',
  `GC_BANYN` int DEFAULT '0' COMMENT '댓글 신고 횟수',
  `GC_ARITST` char(1) DEFAULT 'N' COMMENT '아티스트 댓글 여부',
  PRIMARY KEY (`GC_NO`)
) ENGINE=InnoDB AUTO_INCREMENT=148 DEFAULT CHARSET=utf8mb4 COLLATE=utf8mb4_0900_ai_ci COMMENT='멤버십 게시판 댓글(GC)';

-- 테이블 데이터 semi.t4_gcomments:~95 rows (대략적) 내보내기
INSERT INTO `t4_gcomments` (`GC_NO`, `ARTIST`, `G_NO`, `U_ID`, `GC_CONTENT`, `GC_LIKE`, `GC_DATE`, `GC_DELYN`, `GC_GROUP`, `GC_BANYN`, `GC_ARITST`) VALUES
	(1, 'BTS', 27, 'test', '안녕하세유', 0, '2023-08-14 11:45:56', 'N', NULL, 0, 'N'),
	(2, 'BTS', 27, 'test', 'ㄷㄷ', 0, '2023-08-14 11:47:57', 'N', NULL, 0, 'N'),
	(3, 'BTS', 27, 'test', '예이', 0, '2023-08-14 11:50:16', 'N', NULL, 0, 'N'),
	(4, 'BTS', 27, 'test', '와 ! 드디어 댓글이 돼!', 0, '2023-08-14 11:55:47', 'N', NULL, 0, 'N'),
	(21, 'BTS', 18, 'test', '댓글 담 ㅋㅋ', 0, '2023-08-14 17:45:18', 'N', NULL, 1, 'N'),
	(22, 'BTS', 18, 'test', 'ㅋㅋ', 0, '2023-08-14 17:45:32', 'N', NULL, 1, 'N'),
	(23, 'BTS', 18, 'test', 'ㅇㅇ', 0, '2023-08-14 17:49:05', 'Y', NULL, 0, 'N'),
	(24, 'BTS', 18, 'test', 'ㅇㅇ', 0, '2023-08-14 18:00:53', 'Y', NULL, 0, 'N'),
	(25, 'BTS', 18, 'test1', 'dd', 0, '2023-08-14 18:05:08', 'Y', NULL, 0, 'N'),
	(26, 'BTS', 18, 'test1', '예.......', 0, '2023-08-14 18:08:58', 'Y', NULL, 0, 'N'),
	(27, 'BTS', 18, 'test', '대댓글대댓글', 0, '2023-08-16 09:45:58', 'Y', NULL, 0, 'N'),
	(28, 'BTS', 18, 'test', '대대대댓글', 0, '2023-08-16 09:46:51', 'N', NULL, 0, 'N'),
	(29, 'BTS', 4, 'test', '댓글', 0, '2023-08-16 10:48:15', 'N', NULL, 0, 'N'),
	(30, 'BTS', 27, 'test', '집가고싶어융ㅠㅠ', 0, '2023-08-16 14:25:48', 'N', NULL, 0, 'N'),
	(31, 'BTS', 28, 'test', 'ㅇㅇ', 0, '2023-08-16 14:28:22', 'N', NULL, 0, 'N'),
	(32, 'BTS', 18, 'test', 'ㅇㅇ', 0, '2023-08-16 14:29:06', 'N', NULL, 0, 'N'),
	(37, 'BTS', 61, 'test', 'asdasd', 0, '2023-08-16 17:13:22', 'N', NULL, 0, 'N'),
	(38, 'BTS', 37, 'test', 'ASDSADSAD', 0, '2023-08-16 17:14:05', 'N', NULL, 0, 'N'),
	(39, 'BTS', 32, 'test', '안뇽', 0, '2023-08-16 18:05:16', 'N', NULL, 0, 'N'),
	(40, 'BTS', 17, 'test', 'ㅁㄴㅇㅁㄴㅇ', 0, '2023-08-16 18:40:08', 'N', NULL, 0, 'N'),
	(41, 'BTS', 60, 'test', 'ㅎㅇ', 0, '2023-08-17 09:36:59', 'N', NULL, 0, 'N'),
	(42, 'BTS', 41, 'test', 'ㅇㅇㅇ', 0, '2023-08-17 09:43:50', 'Y', NULL, 0, 'N'),
	(43, 'BTS', 40, 'test', 'ㅇㅇ', 0, '2023-08-17 10:22:07', 'N', NULL, 0, 'N'),
	(44, 'BTS', 41, 'test', 'dd', 0, '2023-08-18 15:18:59', 'N', NULL, 0, 'N'),
	(45, 'BTS', 31, 'test', 'dd', 0, '2023-08-18 15:20:03', 'N', NULL, 0, 'N'),
	(46, 'BTS', 31, 'test', 'dd', 0, '2023-08-18 15:20:10', 'N', NULL, 0, 'N'),
	(47, 'BTS', 31, 'test', '', 0, '2023-08-18 15:20:13', 'N', NULL, 0, 'N'),
	(48, 'BTS', 62, 'test', 'ㅇㅇ', 0, '2023-08-18 17:51:58', 'Y', NULL, 0, 'N'),
	(49, 'BTS', 48, 'test', 'ㅇㅇ', 0, '2023-08-18 18:20:01', 'N', NULL, 0, 'N'),
	(50, 'BTS', 48, 'test', 'ㄴㅇㄹㄴㄹㄴ', 0, '2023-08-18 18:21:41', 'N', NULL, 0, 'N'),
	(51, 'BTS', 48, 'test', 'ㅇㅇㅇㅇㅇㅇ', 0, '2023-08-18 18:25:33', 'N', NULL, 0, 'N'),
	(52, 'BTS', 48, 'test', 'ㅇㅇ', 0, '2023-08-18 18:28:58', 'N', NULL, 0, 'N'),
	(53, 'BTS', 48, 'test', '대댓글테스트', 0, '2023-08-18 18:29:59', 'N', NULL, 0, 'N'),
	(54, 'BTS', 62, 'test', '', 0, '2023-08-18 18:30:11', 'Y', NULL, 0, 'N'),
	(55, 'BTS', 54, 'test', 'dddd', 0, '2023-08-18 18:32:13', 'N', NULL, 0, 'N'),
	(56, 'BTS', 62, 'test', 'asdadad', 0, '2023-08-18 18:32:36', 'Y', NULL, 0, 'N'),
	(57, 'BTS', 62, 'test', 'dd', 0, '2023-08-18 18:35:23', 'N', NULL, 0, 'N'),
	(58, 'BTS', 57, 'test', 'dd', 0, '2023-08-18 18:35:28', 'Y', NULL, 0, 'N'),
	(59, 'BTS', 57, 'test', 'ㅇㅇ', 0, '2023-08-18 18:40:46', 'N', NULL, 1, 'N'),
	(60, 'BTS', 60, 'test', 'ㅇㅇㅇㅇㅇ', 0, '2023-08-18 18:52:48', 'N', NULL, 0, 'N'),
	(61, 'BTS', 69, 'test', '댓글~', 0, '2023-08-19 00:53:51', 'N', NULL, 0, 'N'),
	(62, 'BTS', 61, 'test', 'xcvxcv', 0, '2023-08-23 16:14:39', 'N', NULL, 0, 'N'),
	(63, 'BTS', 59, 'test', '하어렵네요', 0, '2023-08-25 18:34:47', 'N', NULL, 0, 'N'),
	(64, 'BTS', 63, 'test', '뭔데ㅛㅇ', 0, '2023-08-25 18:35:03', 'N', NULL, 0, 'N'),
	(80, 'BTS', 89, 'test', '댓글답니다', 0, '2023-08-27 22:45:56', 'N', NULL, 0, 'N'),
	(81, 'BTS', 80, 'test', '대댓글 답니다 ㅋㅋ', 0, '2023-08-27 22:46:02', 'N', NULL, 0, 'N'),
	(82, 'BTS', 80, 'test', '대댓글2호기갑니다', 0, '2023-08-27 22:47:18', 'N', NULL, 0, 'N'),
	(83, 'BTS', 1, 'Artist_BTS', '댓달아요 ㅋㅋ', 0, '2023-08-27 22:57:00', 'N', NULL, 0, 'N'),
	(84, 'BTS', 89, 'Artist_BTS', '댓글 남겨요 ^^', 0, '2023-08-28 01:59:26', 'N', NULL, 0, 'Y'),
	(85, 'BTS', 80, 'Artist_BTS', '대댓도남겨요^^', 0, '2023-08-28 02:01:47', 'N', NULL, 0, NULL),
	(86, 'BTS', 80, 'Artist_BTS', '대댓또남김', 0, '2023-08-28 02:04:17', 'N', NULL, 0, 'Y'),
	(87, 'BTS', 80, 'Artist_BTS', 'eee', 0, '2023-08-28 02:05:04', 'N', NULL, 0, 'Y'),
	(101, 'BTS', 90, 'test', '댓글달아요', 0, '2023-08-28 14:34:13', 'N', NULL, 0, 'N'),
	(102, 'BTS', 90, 'test', '대댓달아용', 1, '2023-08-28 14:36:21', 'Y', NULL, 0, 'N'),
	(103, 'BTS', 90, 'test', '그냥 일반 댓글', 0, '2023-08-28 15:14:09', 'N', NULL, 0, 'N'),
	(104, 'BTS', 90, 'test', '대댓글', 1, '2023-08-28 15:15:19', 'N', 101, 0, 'N'),
	(105, 'BTS', 90, 'test', 'ㄷㄷ', 0, '2023-08-28 15:15:29', 'N', 101, 0, 'N'),
	(106, 'BTS', 90, 'test', 'dd', 0, '2023-08-28 16:35:31', 'N', 103, 0, 'N'),
	(111, 'BTS', 90, 'test', 'hgh', 0, '2023-08-28 16:46:50', 'N', 103, 0, 'N'),
	(112, 'BTS', 90, 'test', '대댓글', 0, '2023-08-28 16:50:42', 'N', 103, 0, 'N'),
	(113, 'BTS', 78, 'test', 'dd', 0, '2023-08-28 18:18:12', 'N', NULL, 0, 'N'),
	(114, 'BTS', 93, 'test', 'asdadad', 0, '2023-08-28 18:55:36', 'Y', NULL, 0, 'N'),
	(115, 'NJS', 101, 'admin', 'ㄹㅇㅋㅋ\n', 0, '2023-08-28 19:46:55', 'N', NULL, 0, 'N'),
	(116, 'BTS', 117, 'test', 'ㅇㅇ', 0, '2023-08-28 19:48:48', 'N', NULL, 0, 'N'),
	(117, 'NJS', 118, 'test1', '민지 : 2004년생', 0, '2023-08-28 19:50:19', 'N', NULL, 0, 'N'),
	(118, 'BTS', 117, 'test', '댓글', 0, '2023-08-28 19:51:01', 'N', NULL, 0, 'N'),
	(119, 'BTS', 117, 'test', '', 0, '2023-08-29 00:16:34', 'Y', NULL, 0, 'N'),
	(120, 'BTS', 117, 'test', '대댓글 남겨용', 0, '2023-08-29 00:18:44', 'N', 119, 0, 'N'),
	(121, 'BTS', 117, 'test', '대댓글ㅋㅋ', 1, '2023-08-29 00:20:48', 'N', 116, 0, 'N'),
	(122, 'BTS', 117, 'test', 'eeeeeeee', 0, '2023-08-29 00:21:59', 'Y', 116, 0, 'N'),
	(123, 'BTS', 117, 'test', 'dddddd', 0, '2023-08-29 00:23:22', 'Y', 116, 0, 'N'),
	(124, 'BTS', 117, 'test', '댓글', 1, '2023-08-29 00:25:11', 'N', NULL, 0, 'N'),
	(125, 'BTS', 117, 'test', '대댓글남겨용!', 0, '2023-08-29 00:34:50', 'N', 124, 0, 'N'),
	(126, 'BTS', 117, 'test', '대댓글이애용 ㅎㅎ', 0, '2023-08-29 00:35:55', 'N', 118, 0, 'N'),
	(127, 'NJS', 118, 'test', '민지 어리네요,,,', 0, '2023-08-29 00:55:11', 'N', 117, 0, 'N'),
	(128, 'BTS', 93, 'test', 'dd', 0, '2023-08-29 02:47:58', 'Y', NULL, 0, 'N'),
	(129, 'BTS', 93, 'test', 'dd', 0, '2023-08-29 02:47:58', 'N', NULL, 0, 'N'),
	(130, 'NJS', 119, 'test', 'ㅇ', 1, '2023-08-29 09:57:30', 'N', NULL, 1, 'N'),
	(131, 'NJS', 119, 'test', '댓글이에요!', 0, '2023-08-29 09:59:50', 'N', NULL, 0, 'N'),
	(132, 'NJS', 119, 'test', '와우', 0, '2023-08-29 10:01:33', 'N', NULL, 0, 'N'),
	(133, 'NJS', 119, 'test', 'ㅇㅇ', 0, '2023-08-29 10:01:49', 'Y', NULL, 0, 'N'),
	(134, 'NJS', 119, 'test', 'ㅇㅇ', 0, '2023-08-29 10:02:57', 'Y', NULL, 0, 'N'),
	(135, 'NJS', 119, 'test', '댓글', 0, '2023-08-29 10:03:48', 'N', NULL, 0, 'N'),
	(136, 'NJS', 119, 'test', '대댓', 0, '2023-08-29 10:04:24', 'Y', 130, 0, 'N'),
	(137, 'NJS', 119, 'test', '댓글영', 0, '2023-08-29 10:07:14', 'Y', NULL, 0, 'N'),
	(138, 'NJS', 119, 'test', 'ㄷㄷ', 1, '2023-08-29 10:08:15', 'N', NULL, 0, 'N'),
	(139, 'NJS', 119, 'test', '대 ㅇㄹ', 0, '2023-08-29 10:08:32', 'Y', NULL, 0, 'N'),
	(140, 'NJS', 119, 'test', 'ee', 0, '2023-08-29 10:11:19', 'N', NULL, 0, 'N'),
	(141, 'NJS', 119, 'test', 'd', 0, '2023-08-29 10:11:57', 'N', NULL, 0, 'N'),
	(142, 'NJS', 119, 'test', 'ddddd', 0, '2023-08-29 10:18:56', 'N', 141, 0, 'N'),
	(143, 'NJS', 119, 'test', '대댓글', 0, '2023-08-29 10:19:14', 'N', NULL, 0, 'N'),
	(144, 'NJS', 119, 'test', 'ㅇㅇㅇㅇㅇㄻㄹㄴㅁㄹㄴㅁㄻㄴㄻㄹ', 2, '2023-08-29 10:19:48', 'N', NULL, 0, 'N'),
	(145, 'NJS', 120, 'admin', 'ㅋㅋㅋ', 0, '2023-08-29 10:47:46', 'N', NULL, 1, 'N'),
	(146, 'BTS', 117, 'test', 'ㅇㅉ', 0, '2023-08-30 10:23:04', 'N', NULL, 0, 'N'),
	(147, 'NJS', 116, 'admin', '안녕하세요', 0, '2023-08-30 14:50:53', 'N', NULL, 0, 'N');

-- 테이블 semi.t4_gcomments_like 구조 내보내기
CREATE TABLE IF NOT EXISTS `t4_gcomments_like` (
  `GCLIKE_NO` int NOT NULL AUTO_INCREMENT,
  `GC_NO` int DEFAULT NULL,
  `U_ID` varchar(255) DEFAULT NULL,
  `GCLIKE_DATE` datetime DEFAULT NULL,
  PRIMARY KEY (`GCLIKE_NO`) USING BTREE,
  KEY `FK_GCOMMENTS_LIKE_GCOMMENTS` (`GC_NO`),
  KEY `FK_GCOMMENTS_LIKE_USER` (`U_ID`),
  CONSTRAINT `FK_GCOMMENTS_LIKE_GCOMMENTS` FOREIGN KEY (`GC_NO`) REFERENCES `t4_gcomments` (`GC_NO`) ON DELETE CASCADE,
  CONSTRAINT `FK_GCOMMENTS_LIKE_USER` FOREIGN KEY (`U_ID`) REFERENCES `t4_user` (`U_ID`) ON DELETE CASCADE
) ENGINE=InnoDB AUTO_INCREMENT=151 DEFAULT CHARSET=utf8mb4 COLLATE=utf8mb4_0900_ai_ci COMMENT='댓글에 좋아요 테이블 (GCLIKE)';

-- 테이블 데이터 semi.t4_gcomments_like:~6 rows (대략적) 내보내기
INSERT INTO `t4_gcomments_like` (`GCLIKE_NO`, `GC_NO`, `U_ID`, `GCLIKE_DATE`) VALUES
	(128, 144, 'test', '2023-08-29 10:31:16'),
	(129, 130, 'test', '2023-08-29 10:32:19'),
	(131, 138, 'admin', '2023-08-29 10:46:21'),
	(142, 144, 'admin', '2023-08-29 11:05:34'),
	(148, 121, 'admin', '2023-08-29 12:41:52'),
	(150, 124, 'admin', '2023-08-29 16:10:06');

-- 테이블 semi.t4_gcomments_notice 구조 내보내기
CREATE TABLE IF NOT EXISTS `t4_gcomments_notice` (
  `CNO_NO` int NOT NULL AUTO_INCREMENT COMMENT '댓글 알람 번호',
  `CNO_READ` char(1) CHARACTER SET utf8mb4 COLLATE utf8mb4_0900_ai_ci NOT NULL DEFAULT 'N' COMMENT '알람 읽은 여부',
  `U_ID` varchar(20) CHARACTER SET utf8mb4 COLLATE utf8mb4_0900_ai_ci NOT NULL COMMENT '아이디',
  `CNO_TYPE` varchar(50) CHARACTER SET utf8mb4 COLLATE utf8mb4_0900_ai_ci NOT NULL COMMENT '알람 타입',
  `GC_NO` int NOT NULL COMMENT '댓글 번호',
  `CNO_MESSAGE` varchar(255) CHARACTER SET utf8mb4 COLLATE utf8mb4_0900_ai_ci NOT NULL COMMENT '알람 메시지',
  `CNO_TIME` datetime NOT NULL COMMENT '알람 등록 시간',
  `GC_ARTIST` char(1) CHARACTER SET utf8mb4 COLLATE utf8mb4_0900_ai_ci NOT NULL DEFAULT 'N' COMMENT '아티스트 여부',
  PRIMARY KEY (`CNO_NO`)
) ENGINE=InnoDB AUTO_INCREMENT=52 DEFAULT CHARSET=utf8mb4 COLLATE=utf8mb4_0900_ai_ci COMMENT='멤버쉽 게시글 댓글 알람 기능 (CNO)';

-- 테이블 데이터 semi.t4_gcomments_notice:~36 rows (대략적) 내보내기
INSERT INTO `t4_gcomments_notice` (`CNO_NO`, `CNO_READ`, `U_ID`, `CNO_TYPE`, `GC_NO`, `CNO_MESSAGE`, `CNO_TIME`, `GC_ARTIST`) VALUES
	(3, 'N', 'Artist_BTS', 'COCOMM', 80, 'Artist_BTS님이 댓글에 대댓글을 작성하였습니다.', '2023-08-28 02:05:04', 'Y'),
	(4, 'N', 'test', 'COCOMM', 80, 'test님이 댓글에 대댓글을 작성하였습니다.', '2023-08-28 02:05:59', 'N'),
	(6, 'N', 'test', 'COCOMM', 91, 'test님이 댓글에 대댓글을 작성하였습니다.', '2023-08-28 11:51:34', 'N'),
	(7, 'N', 'test', 'COCOMM', 91, 'test님이 댓글에 대댓글을 작성하였습니다.', '2023-08-28 11:56:05', 'N'),
	(9, 'N', 'test', 'COCOMM', 91, 'test님이 댓글에 대댓글을 작성하였습니다.', '2023-08-28 11:58:17', 'N'),
	(10, 'N', 'test', 'COCOMM', 99, 'test님이 댓글에 대댓글을 작성하였습니다.', '2023-08-28 13:08:53', 'N'),
	(11, 'N', 'test', 'COCOMM', 101, 'test님이 댓글에 대댓글을 작성하였습니다.', '2023-08-28 14:36:21', 'N'),
	(13, 'N', 'test', 'COCOMM', 101, 'test님이 댓글에 대댓글을 작성하였습니다.', '2023-08-28 15:15:19', 'N'),
	(14, 'N', 'test', 'COCOMM', 101, 'test님이 댓글에 대댓글을 작성하였습니다.', '2023-08-28 15:15:29', 'N'),
	(16, 'N', 'test', 'COCOMM', 103, 'test님이 댓글에 대댓글을 작성하였습니다.', '2023-08-28 16:35:31', 'N'),
	(17, 'N', 'test', 'COCOMM', 103, 'test님이 댓글에 대댓글을 작성하였습니다.', '2023-08-28 16:35:35', 'N'),
	(18, 'N', 'test', 'COCOMM', 103, 'test님이 댓글에 대댓글을 작성하였습니다.', '2023-08-28 16:36:15', 'N'),
	(19, 'N', 'test', 'COCOMM', 103, 'test님이 댓글에 대댓글을 작성하였습니다.', '2023-08-28 16:37:12', 'N'),
	(20, 'N', 'test', 'COCOMM', 103, 'test님이 댓글에 대댓글을 작성하였습니다.', '2023-08-28 16:38:57', 'N'),
	(21, 'N', 'test', 'COCOMM', 103, 'test님이 댓글에 대댓글을 작성하였습니다.', '2023-08-28 16:46:50', 'N'),
	(22, 'N', 'test', 'COCOMM', 103, 'test님이 댓글에 대댓글을 작성하였습니다.', '2023-08-28 16:50:42', 'N'),
	(24, 'N', 'test', 'COCOMM', 119, 'test님이 댓글에 대댓글을 작성하였습니다.', '2023-08-29 00:18:44', 'N'),
	(25, 'N', 'test', 'COCOMM', 116, 'test님이 댓글에 대댓글을 작성하였습니다.', '2023-08-29 00:20:48', 'N'),
	(26, 'N', 'test', 'COCOMM', 116, 'test님이 댓글에 대댓글을 작성하였습니다.', '2023-08-29 00:21:59', 'N'),
	(27, 'N', 'test', 'COCOMM', 116, 'test님이 댓글에 대댓글을 작성하였습니다.', '2023-08-29 00:23:22', 'N'),
	(28, 'N', 'test', 'COCOMM', 124, 'test님이 댓글에 대댓글을 작성하였습니다.', '2023-08-29 00:34:50', 'N'),
	(29, 'N', 'test', 'COCOMM', 118, 'test님이 댓글에 대댓글을 작성하였습니다.', '2023-08-29 00:35:55', 'N'),
	(30, 'N', 'test', 'COCOMM', 117, 'test님이 댓글에 대댓글을 작성하였습니다.', '2023-08-29 00:55:11', 'N'),
	(35, 'N', 'test', 'COCOMM', 130, 'test님이 댓글에 대댓글을 작성하였습니다.', '2023-08-29 10:04:24', 'N'),
	(38, 'N', 'test', 'COCOMM', 141, 'test님이 댓글에 대댓글을 작성하였습니다.', '2023-08-29 10:18:57', 'N'),
	(41, 'N', 'test', 'LIKE', 144, 'test님이 댓글에 좋아요를 눌렀습니다.', '2023-08-29 10:29:51', 'N'),
	(42, 'N', 'test', 'LIKE', 130, 'test님이 댓글에 좋아요를 눌렀습니다.', '2023-08-29 10:32:19', 'N'),
	(43, 'N', 'admin', 'LIKE', 144, 'admin님이 댓글에 좋아요를 눌렀습니다.', '2023-08-29 10:45:29', 'N'),
	(44, 'N', 'admin', 'LIKE', 138, 'admin님이 댓글에 좋아요를 눌렀습니다.', '2023-08-29 10:46:21', 'N'),
	(45, 'N', 'admin', 'LIKE', 119, 'admin님이 댓글에 좋아요를 눌렀습니다.', '2023-08-29 10:59:04', 'N'),
	(46, 'N', 'admin', 'LIKE', 143, 'admin님이 댓글에 좋아요를 눌렀습니다.', '2023-08-29 11:05:37', 'N'),
	(47, 'N', 'admin', 'LIKE', 124, 'admin님이 댓글에 좋아요를 눌렀습니다.', '2023-08-29 12:35:16', 'N'),
	(48, 'N', 'admin', 'LIKE', 145, 'admin님이 댓글에 좋아요를 눌렀습니다.', '2023-08-29 12:35:37', 'N'),
	(49, 'N', 'admin', 'LIKE', 125, 'admin님이 댓글에 좋아요를 눌렀습니다.', '2023-08-29 12:40:44', 'N'),
	(50, 'N', 'admin', 'LIKE', 121, 'admin님이 댓글에 좋아요를 눌렀습니다.', '2023-08-29 12:41:52', 'N'),
	(51, 'N', 'test', 'LIKE', 32, 'test님이 댓글에 좋아요를 눌렀습니다.', '2023-08-29 14:47:29', 'N');

-- 테이블 semi.t4_gcomments_report 구조 내보내기
CREATE TABLE IF NOT EXISTS `t4_gcomments_report` (
  `GCR_NO` int NOT NULL AUTO_INCREMENT,
  `GC_NO` int NOT NULL,
  `GC_GROUP` int DEFAULT NULL,
  `REASON` char(1) NOT NULL,
  `OTHER_REASON` varchar(255) CHARACTER SET utf8mb4 COLLATE utf8mb4_0900_ai_ci DEFAULT NULL,
  `DESCRIPTION` text,
  `REPORTEDAT` timestamp NULL DEFAULT CURRENT_TIMESTAMP,
  `U_ID` varchar(50) NOT NULL COMMENT '신고한 유저',
  PRIMARY KEY (`GCR_NO`)
) ENGINE=InnoDB AUTO_INCREMENT=6 DEFAULT CHARSET=utf8mb4 COLLATE=utf8mb4_0900_ai_ci COMMENT='댓글, 대댓글 신고 테이블 (GCR)';

-- 테이블 데이터 semi.t4_gcomments_report:~5 rows (대략적) 내보내기
INSERT INTO `t4_gcomments_report` (`GCR_NO`, `GC_NO`, `GC_GROUP`, `REASON`, `OTHER_REASON`, `DESCRIPTION`, `REPORTEDAT`, `U_ID`) VALUES
	(1, 21, NULL, 'A', '', 'dd', '2023-08-16 04:06:58', 'test'),
	(2, 22, NULL, 'B', '', 'd', '2023-08-16 04:07:29', 'test'),
	(3, 59, NULL, 'A', '', '시러용', '2023-08-18 15:22:13', 'test'),
	(4, 130, NULL, 'E', '못살겟어요', 'ㅠㅠ', '2023-08-29 00:58:23', 'test'),
	(5, 145, NULL, 'A', '', '신고', '2023-08-30 05:51:13', 'admin');

-- 테이블 semi.t4_inquiry 구조 내보내기
CREATE TABLE IF NOT EXISTS `t4_inquiry` (
  `I_NO` int NOT NULL AUTO_INCREMENT COMMENT '문의번호',
  `I_QTITLE` varchar(50) CHARACTER SET utf8mb4 COLLATE utf8mb4_0900_ai_ci NOT NULL COMMENT '문의제목',
  `I_QCONTENT` varchar(1000) CHARACTER SET utf8mb4 COLLATE utf8mb4_0900_ai_ci NOT NULL COMMENT '문의내용',
  `I_QTIME` datetime NOT NULL COMMENT '문의시간',
  `U_ID` varchar(10) CHARACTER SET utf8mb4 COLLATE utf8mb4_0900_ai_ci NOT NULL COMMENT '아이디',
  `I_ACONTENT` varchar(10000) CHARACTER SET utf8mb4 COLLATE utf8mb4_0900_ai_ci DEFAULT NULL COMMENT '답변내용',
  `I_ATIME` datetime DEFAULT NULL COMMENT '답변시간',
  `CATEGORY` varchar(20) CHARACTER SET utf8mb4 COLLATE utf8mb4_0900_ai_ci DEFAULT NULL COMMENT '카테고리',
  `P_NO` varchar(50) DEFAULT NULL COMMENT '상품코드',
  `STATE` char(50) CHARACTER SET utf8mb4 COLLATE utf8mb4_0900_ai_ci NOT NULL DEFAULT 'O' COMMENT '(상태)\n기본 OPEN\n확인중 PENDING\n완료 SOLVED',
  `I_COMPLAIN` char(1) CHARACTER SET utf8mb4 COLLATE utf8mb4_0900_ai_ci DEFAULT 'N' COMMENT '민원',
  PRIMARY KEY (`I_NO`)
) ENGINE=InnoDB AUTO_INCREMENT=37 DEFAULT CHARSET=utf8mb4 COLLATE=utf8mb4_0900_ai_ci COMMENT='문의 ';

-- 테이블 데이터 semi.t4_inquiry:~6 rows (대략적) 내보내기
INSERT INTO `t4_inquiry` (`I_NO`, `I_QTITLE`, `I_QCONTENT`, `I_QTIME`, `U_ID`, `I_ACONTENT`, `I_ATIME`, `CATEGORY`, `P_NO`, `STATE`, `I_COMPLAIN`) VALUES
	(1, '문의합니다', '배송언제오나요', '2023-08-10 15:21:52', 'test1', '몰라용ㅎㅎ', '2023-08-29 16:50:35', '배송문의', '', 'SOLVED', 'N'),
	(31, '상품에 하자가 있어요', '<p>엊그제 와서 이제 뜯어보니 상품에 하자가있네요</p><p>주문자 힌니리구요 당장 확인해주세요</p>', '2023-08-29 10:40:08', 'test', '최대한 빠르게 연락드리겠습니다', '2023-08-29 11:05:52', '불량문의', NULL, 'OPEN', 'Y'),
	(33, '상품배송 문의드립니다.', '<p>보통 배송은 몇일 걸리나요 ?</p>', '2023-08-29 11:08:55', 'test', '영업일 기준 3-5일 소요됩니다', '2023-08-30 15:55:25', '상품문의', NULL, 'SOLVED', 'N'),
	(34, '결제 취소 문의드립니다.', '<p>완료되었다는데 환불 금액이 입금되지 않았어요.</p><p>구매자는 신동환입니다만?</p>', '2023-08-29 12:34:41', 'admin', NULL, NULL, '결제/변경', NULL, 'OPEN', 'Y'),
	(35, '카드 결제 후 이상해요', '<p><span style="color: rgb(35, 39, 68);">카드 결제 후 취소 요청했는데 결제 대금이 청구 되었어요</span></p><p>ㅠㅠ</p>', '2023-08-29 12:35:27', 'admin', '고객님께서 설정하신 신용카드 결제일에 따라 대금이 청구 될 수 있으며 이 경우 다음달 대금 청구 시 카드사에서 환급 처리 됩니다. ', '2023-08-30 16:12:12', '상품문의', '21', 'PENDING', 'N'),
	(36, '결제문제', '<p>test1</p>', '2023-08-30 13:07:29', 'test99', NULL, NULL, '결제/변경', NULL, 'OPEN', 'N');

-- 테이블 semi.t4_inquiry_img 구조 내보내기
CREATE TABLE IF NOT EXISTS `t4_inquiry_img` (
  `IF_NO` int NOT NULL AUTO_INCREMENT COMMENT '첨부파일 넘버',
  `I_NO` int NOT NULL COMMENT '첨부파일 조인용',
  `FILENAME` varchar(100) CHARACTER SET utf8mb4 COLLATE utf8mb4_0900_ai_ci NOT NULL COMMENT '첨부파일 이름',
  `PATH` varchar(100) CHARACTER SET utf8mb4 COLLATE utf8mb4_0900_ai_ci NOT NULL COMMENT '첨부파일 경로',
  PRIMARY KEY (`IF_NO`) USING BTREE
) ENGINE=InnoDB AUTO_INCREMENT=3 DEFAULT CHARSET=utf8mb4 COLLATE=utf8mb4_0900_ai_ci COMMENT='ABOARD_IMG_TBL';

-- 테이블 데이터 semi.t4_inquiry_img:~2 rows (대략적) 내보내기
INSERT INTO `t4_inquiry_img` (`IF_NO`, `I_NO`, `FILENAME`, `PATH`) VALUES
	(1, 1, 'nsfns', 'dsdsdsd'),
	(2, 22, '202371724421343.png', '../img/202371724421343.png');

-- 테이블 semi.t4_membership 구조 내보내기
CREATE TABLE IF NOT EXISTS `t4_membership` (
  `M_NO` int NOT NULL AUTO_INCREMENT COMMENT '멤버십 번호',
  `M_STATUS` varchar(10) CHARACTER SET utf8mb4 COLLATE utf8mb4_0900_ai_ci NOT NULL DEFAULT 'ACTIVE' COMMENT '멤버십 상태',
  `M_REG_DATE` datetime NOT NULL COMMENT '멤버십 등록날짜',
  `M_EXP_DATE` datetime NOT NULL COMMENT '멤버십 만료날짜',
  `U_ID` varchar(20) CHARACTER SET utf8mb4 COLLATE utf8mb4_0900_ai_ci DEFAULT NULL COMMENT '아이디',
  `ARTIST` varchar(20) CHARACTER SET utf8mb4 COLLATE utf8mb4_0900_ai_ci DEFAULT NULL COMMENT '멤버쉽 아티스트',
  `KIT_YN` char(50) CHARACTER SET utf8mb4 COLLATE utf8mb4_0900_ai_ci NOT NULL DEFAULT 'N' COMMENT '멤버십키트 구매여부',
  PRIMARY KEY (`M_NO`)
) ENGINE=InnoDB AUTO_INCREMENT=42 DEFAULT CHARSET=utf8mb4 COLLATE=utf8mb4_0900_ai_ci COMMENT='멤버십(M)   ';

-- 테이블 데이터 semi.t4_membership:~36 rows (대략적) 내보내기
INSERT INTO `t4_membership` (`M_NO`, `M_STATUS`, `M_REG_DATE`, `M_EXP_DATE`, `U_ID`, `ARTIST`, `KIT_YN`) VALUES
	(6, 'ACTIVE', '2023-08-24 12:50:22', '2024-08-24 12:50:22', 'test', 'BTS', 'Y'),
	(7, 'ACTIVE', '2023-08-25 18:27:48', '2024-08-25 18:27:48', 'test', 'NJS', 'N'),
	(8, 'ACTIVE', '2023-08-26 14:42:18', '9999-08-26 14:42:18', 'admin', 'LSF', 'N'),
	(9, 'ACTIVE', '2023-08-26 14:42:18', '9999-08-26 14:42:18', 'admin', 'EHP', 'N'),
	(10, 'ACTIVE', '2023-08-27 14:56:08', '9999-08-27 14:56:08', 'Artist_NJS', 'NJS', 'N'),
	(11, 'ACTIVE', '2023-08-27 15:06:48', '9999-08-27 15:06:48', 'Artist_BND', 'BND', 'N'),
	(12, 'ACTIVE', '2023-08-27 15:06:59', '9999-08-27 15:06:59', 'Artist_LSF', 'LSF', 'N'),
	(13, 'ACTIVE', '2023-08-27 15:07:14', '9999-08-27 15:07:14', 'Artist_SVT', 'SVT', 'N'),
	(14, 'ACTIVE', '2023-08-27 15:07:22', '9999-08-27 15:07:22', 'Artist_FMN', 'FMN', 'N'),
	(15, 'ACTIVE', '2023-08-27 15:07:30', '9999-08-27 15:07:30', 'Artist_TXT', 'TXT', 'N'),
	(16, 'ACTIVE', '2023-08-27 15:07:40', '9999-08-27 15:07:40', 'Artist_EHP', 'EHP', 'N'),
	(17, 'ACTIVE', '2023-08-27 15:07:51', '9999-07-27 15:07:51', 'Artist_ZIC', 'ZIC', 'N'),
	(18, 'ACTIVE', '2023-08-27 15:08:07', '9999-08-27 15:08:07', 'Artist_BTS', 'BTS', 'N'),
	(19, 'ACTIVE', '2023-08-27 15:09:57', '9999-08-27 15:09:57', 'admin', 'BTS', 'N'),
	(20, 'ACTIVE', '2023-08-27 15:10:02', '9999-08-27 15:10:02', 'admin', 'SVT', 'N'),
	(21, 'ACTIVE', '2023-08-27 15:10:07', '9999-08-27 15:10:07', 'admin', 'FMN', 'N'),
	(22, 'ACTIVE', '2023-08-27 15:10:12', '9999-08-27 15:10:12', 'admin', 'TXT', 'N'),
	(23, 'ACTIVE', '2023-08-27 15:10:15', '9999-08-27 15:10:15', 'admin', 'NJS', 'N'),
	(24, 'ACTIVE', '2023-08-27 15:10:20', '9999-08-27 15:10:20', 'admin', 'BND', 'N'),
	(25, 'ACTIVE', '2023-08-27 15:10:22', '9999-08-27 15:10:22', 'admin', 'ZIC', 'N'),
	(26, 'ACTIVE', '2023-08-27 19:41:55', '2024-08-27 19:41:55', 'qwer123', 'BTS', 'N'),
	(27, 'ACTIVE', '2023-08-28 11:04:59', '2024-08-28 11:04:59', 'admin', 'ZIC', 'N'),
	(28, 'ACTIVE', '2023-08-28 12:29:39', '2024-08-28 12:29:39', 'test1', 'LSF', 'N'),
	(29, 'ACTIVE', '2023-08-28 12:29:39', '2024-08-28 12:29:39', 'test1', 'EHP', 'N'),
	(30, 'ACTIVE', '2023-08-28 17:57:02', '2024-08-28 17:57:02', 'test1', 'BND', 'N'),
	(31, 'ACTIVE', '2023-08-28 18:32:07', '2024-08-28 18:32:07', 'test1', 'TXT', 'N'),
	(32, 'ACTIVE', '2023-08-28 18:39:44', '2024-08-28 18:39:44', 'test', 'EHP', 'N'),
	(33, 'ACTIVE', '2023-08-28 18:42:18', '2024-08-28 18:42:18', 'test', 'TXT', 'N'),
	(34, 'ACTIVE', '2023-08-28 18:42:18', '2024-08-28 18:42:18', 'test', 'LSF', 'N'),
	(35, 'ACTIVE', '2023-08-28 19:49:44', '2024-08-28 19:49:44', 'test1', 'NJS', 'N'),
	(36, 'ACTIVE', '2023-08-28 22:57:46', '2024-08-28 22:57:46', 'ttt', 'ZIC', 'N'),
	(37, 'ACTIVE', '2023-08-29 09:41:47', '2024-08-29 09:41:47', 'aaa111', 'EHP', 'N'),
	(38, 'ACTIVE', '2023-08-29 09:41:47', '2024-08-29 09:41:47', 'aaa111', 'BTS', 'N'),
	(39, 'ACTIVE', '2023-08-29 09:41:47', '2024-08-29 09:41:47', 'aaa111', 'SVT', 'N'),
	(40, 'ACTIVE', '2023-08-29 14:36:36', '2024-08-29 14:36:36', 'test', 'SVT', 'N'),
	(41, 'ACTIVE', '2023-08-29 16:40:47', '2024-08-29 16:40:47', 'test', 'FMN', 'N');

-- 테이블 semi.t4_nonmember 구조 내보내기
CREATE TABLE IF NOT EXISTS `t4_nonmember` (
  `NM_NAME` varchar(50) CHARACTER SET utf8mb4 COLLATE utf8mb4_0900_ai_ci NOT NULL COMMENT '상품명',
  `NM_ADDR` varchar(50) CHARACTER SET utf8mb4 COLLATE utf8mb4_0900_ai_ci NOT NULL COMMENT '배송주소',
  `NM_PHONE` varchar(50) CHARACTER SET utf8mb4 COLLATE utf8mb4_0900_ai_ci NOT NULL COMMENT '연락처',
  `O_COUNT` int NOT NULL DEFAULT (0) COMMENT '주문수량',
  `NM_NO` varchar(50) CHARACTER SET utf8mb4 COLLATE utf8mb4_0900_ai_ci NOT NULL DEFAULT '' COMMENT '주문번호',
  `NM_MEMO` varchar(50) CHARACTER SET utf8mb4 COLLATE utf8mb4_0900_ai_ci DEFAULT NULL COMMENT '배송메모',
  `PAY` int NOT NULL COMMENT '결제금액',
  `NM_DATE` datetime DEFAULT NULL COMMENT '주문날짜',
  `NM_ADDRDETAIL` varchar(50) NOT NULL,
  `ZIPNO` varchar(10) NOT NULL,
  PRIMARY KEY (`NM_NO`)
) ENGINE=InnoDB DEFAULT CHARSET=utf8mb4 COLLATE=utf8mb4_0900_ai_ci COMMENT='비회원 주문조회(NM)';

-- 테이블 데이터 semi.t4_nonmember:~0 rows (대략적) 내보내기

-- 테이블 semi.t4_order 구조 내보내기
CREATE TABLE IF NOT EXISTS `t4_order` (
  `BUY_NO` int NOT NULL AUTO_INCREMENT,
  `O_NO` varchar(50) CHARACTER SET utf8mb4 COLLATE utf8mb4_0900_ai_ci NOT NULL COMMENT '주문번호?',
  `U_ID` varchar(20) CHARACTER SET utf8mb4 COLLATE utf8mb4_0900_ai_ci NOT NULL COMMENT '아이디',
  `P_NO` varchar(50) NOT NULL COMMENT '상품코드',
  `PAYMENT` int NOT NULL DEFAULT (0) COMMENT '결제금액',
  `O_DATE` datetime NOT NULL COMMENT '주문날짜',
  `O_COUNT` int NOT NULL COMMENT '구매갯수',
  `EXCHANGE` char(1) CHARACTER SET utf8mb4 COLLATE utf8mb4_0900_ai_ci DEFAULT NULL COMMENT 'E-교환여부 / R-환불여부 / B - 구매(디폴트)',
  PRIMARY KEY (`BUY_NO`)
) ENGINE=InnoDB AUTO_INCREMENT=348 DEFAULT CHARSET=utf8mb4 COLLATE=utf8mb4_0900_ai_ci COMMENT='주문내역(O)\r\n';

-- 테이블 데이터 semi.t4_order:~164 rows (대략적) 내보내기
INSERT INTO `t4_order` (`BUY_NO`, `O_NO`, `U_ID`, `P_NO`, `PAYMENT`, `O_DATE`, `O_COUNT`, `EXCHANGE`) VALUES
	(1, '1692263113', 'test1', 'BTS0001ALB', 35000, '2023-08-17 18:05:13', 3, NULL),
	(2, '1692263227', 'test1', 'NJS0001ALB', 35000, '2023-08-17 18:07:07', 3, ''),
	(3, '1692263232', 'test1', 'BTS0003DVD', 95000, '2023-08-17 18:07:12', 3, 'R'),
	(4, '1692263237', 'test1', 'BTS0004DVD', 68000, '2023-08-17 18:07:17', 3, ''),
	(5, '1692263241', 'test1', 'BTS0001ALB', 35000, '2023-08-17 18:07:21', 3, ''),
	(6, '1692263241', 'test1', 'BTS0004DVD', 68000, '2023-08-17 18:07:21', 1, ''),
	(7, '1692263241', 'test1', 'BTS0003DVD', 95000, '2023-08-17 18:07:21', 1, ''),
	(8, '1692263113', 'test1', 'BTS0002DVD', 95000, '2023-08-17 18:05:13', 2, NULL),
	(10, '1692593982', 'test1', 'ZIC0001ALB', 35000, '2023-08-21 13:59:42', 2, ''),
	(11, '1692614449', 'test1', 'BTS0004DVD', 68000, '2023-08-21 19:40:49', 1, 'R'),
	(12, '1692614454', 'test1', 'BTS0005DVD', 64000, '2023-08-21 19:40:54', 1, ''),
	(13, '1692614461', 'test1', 'BTS0006DVD', 93000, '2023-08-21 19:41:01', 1, NULL),
	(14, '5215125', 'test1', 'BTS0112DVD', 1234, '2023-08-22 12:29:48', 1, NULL),
	(15, '1692688247', 'test', 'BTS0101MER', 123213, '2023-08-22 16:10:47', 3, NULL),
	(16, '1692688309', 'test', 'BTS0094DVD', 123, '2023-08-22 16:11:49', 1, NULL),
	(17, '1692688915', 'test', 'BTS8846ALB', 512, '2023-08-22 16:21:55', 1, NULL),
	(18, '1692689164', 'test', 'BTS8846ALB', 512, '2023-08-22 16:26:04', 1, NULL),
	(19, '1692689206', 'test', 'BTS8846ALB', 512, '2023-08-22 16:26:46', 1, NULL),
	(20, '1692689689', 'test', 'BTS8846ALB', 512, '2023-08-22 16:34:49', 1, NULL),
	(22, '1692760879272', 'test', 'BTS0094DVD', 123, '2023-08-23 12:21:18', 1, NULL),
	(23, '1692761077343', 'test', 'BTS0094DVD', 123, '2023-08-23 12:24:36', 2, NULL),
	(24, '1692761288819', 'test', 'BTS0094DVD', 123, '2023-08-23 12:28:08', 1, NULL),
	(29, '1692780280772', 'test', 'BTS0094DVD', 123, '2023-08-23 17:44:40', 2, NULL),
	(30, '1692780424040', 'test', 'BTS0094DVD', 123, '2023-08-23 17:47:03', 2, NULL),
	(31, '1692842351936', 'test', 'BTS1561ALB', 123, '2023-08-24 10:59:10', 1, NULL),
	(32, '1692844879848', 'test', 'BTS0001MEM', 25000, '2023-08-24 11:41:18', 1, ''),
	(33, '1692845059199', 'test', 'BTS0001MEM', 25000, '2023-08-24 11:44:17', 1, ''),
	(34, '1692847788960', 'test', 'BTS0002MEM', 0, '2023-08-24 12:29:47', 1, NULL),
	(35, '1692849024022', 'test', 'BTS0001MEM', 25000, '2023-08-24 12:50:22', 1, ''),
	(36, '1692849077696', 'test', 'BTS0002MEM', 0, '2023-08-24 12:51:16', 1, NULL),
	(37, '1692936712857', 'admin', 'NJS0009MER', 5000, '2023-08-25 13:11:52', 1, ''),
	(38, '1692936712857', 'admin', 'NJS0001MER', 49000, '2023-08-25 13:11:52', 1, 'R'),
	(39, '1692944469810', 'test', 'SVT0020PTB', 4000, '2023-08-25 15:21:09', 1, ''),
	(40, '1692944589970', 'test', 'SVT0020PTB', 4000, '2023-08-25 15:23:09', 1, ''),
	(41, '1692955668563', 'test', 'NJS0001MEM', 25000, '2023-08-25 18:27:48', 1, ''),
	(42, '1693016019437', 'test', 'SVT0020PTB', 4000, '2023-08-26 11:13:39', 1, NULL),
	(43, '1693016441163', 'test', 'SVT0020PTB', 4000, '2023-08-26 11:20:41', 1, NULL),
	(44, '1693016441163', 'test', 'BTS0001MER', 8000, '2023-08-26 11:20:41', 1, 'R'),
	(45, '1693018915540', 'test1', 'NJS0009MER', 5000, '2023-08-26 12:01:54', 1, NULL),
	(46, '1693018915540', 'test1', 'TXT0004MER', 6800, '2023-08-26 12:01:54', 1, NULL),
	(47, '1693028368601', 'admin', 'EHP0003MER', 8000, '2023-08-26 14:39:27', 1, NULL),
	(48, '1693028539189', 'admin', 'LSF0002MEM', 25000, '2023-08-26 14:42:18', 1, NULL),
	(49, '1693028539189', 'admin', 'EHP0001MEM', 22000, '2023-08-26 14:42:18', 1, NULL),
	(50, '1693028726550', 'admin', 'BTS0001ALB', 69700, '2023-08-26 14:45:25', 1, NULL),
	(51, '1693028726550', 'admin', 'FMN0001ALB', 57900, '2023-08-26 14:45:25', 1, NULL),
	(52, '1693028726550', 'admin', 'LSF0001ALB', 13400, '2023-08-26 14:45:25', 1, NULL),
	(54, '1693103622189', 'test1', 'EHP0003MER', 8000, '2023-08-27 11:33:42', 1, NULL),
	(61, '1693105699130', 'test1', 'FMN0004ALB', 11800, '2023-08-27 12:08:19', 1, 'R'),
	(62, '1693105946462', 'test1', 'FMN0004ALB', 11800, '2023-08-27 12:12:27', 1, NULL),
	(63, '1693106000243', 'test1', 'FMN0004ALB', 11800, '2023-08-27 12:13:20', 1, NULL),
	(64, '1693116790930', 'test1', 'EHP0003MER', 8000, '2023-08-27 15:13:12', 1, ''),
	(65, '1693116791872', 'test1', 'EHP0003MER', 8000, '2023-08-27 15:13:13', 1, ''),
	(66, '1693116794594', 'test1', 'EHP0003MER', 8000, '2023-08-27 15:13:15', 1, ''),
	(67, '1693116795336', 'test1', 'EHP0003MER', 8000, '2023-08-27 15:13:16', 1, ''),
	(68, '1693116795704', 'test1', 'EHP0003MER', 8000, '2023-08-27 15:13:17', 1, ''),
	(69, '1693116796010', 'test1', 'EHP0003MER', 8000, '2023-08-27 15:13:17', 1, NULL),
	(70, '1693116796266', 'test1', 'EHP0003MER', 8000, '2023-08-27 15:13:17', 1, ''),
	(71, '1693116796450', 'test1', 'EHP0003MER', 8000, '2023-08-27 15:13:17', 1, ''),
	(72, '1693116796633', 'test1', 'EHP0003MER', 8000, '2023-08-27 15:13:18', 1, ''),
	(73, '1693116796821', 'test1', 'EHP0003MER', 8000, '2023-08-27 15:13:18', 1, ''),
	(74, '1693116797022', 'test1', 'EHP0003MER', 8000, '2023-08-27 15:13:18', 1, ''),
	(75, '1693116797221', 'test1', 'EHP0003MER', 8000, '2023-08-27 15:13:18', 1, ''),
	(76, '1693116797411', 'test1', 'EHP0003MER', 8000, '2023-08-27 15:13:18', 1, NULL),
	(77, '1693116797611', 'test1', 'EHP0003MER', 8000, '2023-08-27 15:13:18', 1, ''),
	(78, '1693116797775', 'test1', 'EHP0003MER', 8000, '2023-08-27 15:13:19', 1, ''),
	(79, '1693116801577', 'test1', 'EHP0003MER', 8000, '2023-08-27 15:13:22', 1, ''),
	(80, '1693116801899', 'test1', 'EHP0003MER', 8000, '2023-08-27 15:13:23', 1, 'R'),
	(81, '1693117031704', 'test1', 'EHP0003MER', 8000, '2023-08-27 15:17:13', 1, ''),
	(82, '1693120089459', 'test1', 'EHP0002MER', 19000, '2023-08-27 16:08:10', 1, NULL),
	(83, '1693120089459', 'test1', 'BTS0002DVD', 95000, '2023-08-27 16:08:10', 1, NULL),
	(84, '1693120089459', 'test1', 'BTS0002DVD', 95000, '2023-08-27 16:08:10', 1, NULL),
	(85, '1693120089459', 'test1', 'EHP0002MER', 19000, '2023-08-27 16:08:10', 1, NULL),
	(86, '1693120089459', 'test1', 'BTS0002DVD', 95000, '2023-08-27 16:08:10', 1, NULL),
	(87, '1693122662411', 'test1', 'EHP0009DVD', 62000, '2023-08-27 16:51:03', 1, NULL),
	(88, '1693122662411', 'test1', 'EHP0009DVD', 62000, '2023-08-27 16:51:03', 1, NULL),
	(89, '1693123055337', 'test1', 'EHP0003MER', 8000, '2023-08-27 16:57:36', 1, NULL),
	(90, '1693123055338', 'test1', 'EHP0003MER', 8000, '2023-08-27 16:57:36', 1, NULL),
	(91, '1693123055338', 'test1', 'EHP0003MER', 8000, '2023-08-27 16:57:36', 1, NULL),
	(92, '1693123055337', 'test1', 'EHP0003MER', 8000, '2023-08-27 16:57:36', 1, NULL),
	(93, '1693123796265', 'test1', 'EHP0004ALB', 80000, '2023-08-27 17:09:57', 1, NULL),
	(94, '1693123796265', 'test1', 'EHP0004ALB', 80000, '2023-08-27 17:09:57', 1, NULL),
	(95, '1693123796266', 'test1', 'EHP0004ALB', 80000, '2023-08-27 17:09:57', 1, NULL),
	(96, '1693123796266', 'test1', 'EHP0004ALB', 80000, '2023-08-27 17:09:57', 1, NULL),
	(97, '1693126195302', 'test1', 'EHP0002MER', 19000, '2023-08-27 17:49:56', 1, NULL),
	(98, '1693132913918', 'qwer123', 'BTS0001MEM', 25000, '2023-08-27 19:41:55', 1, NULL),
	(112, '1693184530437', 'admin', 'EHP0001MER', 39000, '2023-08-28 10:02:07', 1, NULL),
	(113, '1693184530437', 'admin', 'EHP0003MER', 8000, '2023-08-28 10:02:07', 1, NULL),
	(114, '1693185254212', 'admin', 'NJS0009MER', 5000, '2023-08-28 10:14:11', 1, NULL),
	(115, '1693185254212', 'admin', 'TXT0004MER', 6800, '2023-08-28 10:14:11', 1, NULL),
	(116, '1693185708124', 'admin', 'SVT0019PTB', 20000, '2023-08-28 10:21:45', 1, ''),
	(117, '1693185708124', 'admin', 'BTS0016PTB', 11000, '2023-08-28 10:21:45', 1, ''),
	(118, '1693185708124', 'admin', 'SVT0016PTB', 22000, '2023-08-28 10:21:45', 1, 'R'),
	(119, '1693186051771', 'admin', 'SVT0017PTB', 16500, '2023-08-28 10:27:29', 1, NULL),
	(120, '1693186051771', 'admin', 'BTS0001DVD', 68000, '2023-08-28 10:27:29', 1, NULL),
	(121, '1693186051771', 'admin', 'FMN0006ALB', 16300, '2023-08-28 10:27:29', 1, NULL),
	(125, '1693186471874', 'admin', 'EHP0016ALB', 16700, '2023-08-28 10:34:29', 1, NULL),
	(126, '1693186471874', 'admin', 'EHP0003MER', 8000, '2023-08-28 10:34:29', 1, NULL),
	(127, '1693186471874', 'admin', 'BTS0003DVD', 95000, '2023-08-28 10:34:29', 1, NULL),
	(238, '1693189802304', 'admin', 'FMN0001ALB', 57900, '2023-08-28 11:30:02', 1, NULL),
	(239, '1693189802304', 'admin', 'EHP0004ALB', 80000, '2023-08-28 11:30:02', 1, NULL),
	(242, '1693190122903', 'admin', 'EHP0004ALB', 80000, '2023-08-28 11:35:48', 1, NULL),
	(243, '1693190122903', 'admin', 'FMN0002ALB', 19300, '2023-08-28 11:35:51', 1, NULL),
	(244, '1693190184643', 'admin', 'EHP0004ALB', 80000, '2023-08-28 11:36:27', 1, NULL),
	(245, '1693190184643', 'admin', 'FMN0002ALB', 19300, '2023-08-28 11:36:27', 1, NULL),
	(246, '1693190307535', 'admin', 'EHP0001MER', 39000, '2023-08-28 11:38:27', 1, NULL),
	(247, '1693190307535', 'admin', 'FMN0003ALB', 106200, '2023-08-28 11:38:27', 1, NULL),
	(249, '1693190352807', 'admin', 'FMN0003ALB', 106200, '2023-08-28 11:39:12', 1, NULL),
	(250, '1693190352807', 'admin', 'EHP0001MER', 39000, '2023-08-28 11:39:12', 1, NULL),
	(253, '1693190522382', 'admin', 'EHP0001MER', 39000, '2023-08-28 11:42:02', 1, NULL),
	(254, '1693190522382', 'admin', 'FMN0003ALB', 106200, '2023-08-28 11:42:02', 1, NULL),
	(255, '1693190556767', 'admin', 'EHP0004ALB', 80000, '2023-08-28 11:42:36', 1, ''),
	(256, '1693190556767', 'admin', 'EHP0002MER', 19000, '2023-08-28 11:42:36', 1, NULL),
	(259, '1693191042813', 'admin', 'FMN0003ALB', 106200, '2023-08-28 11:50:42', 1, NULL),
	(260, '1693191042813', 'admin', 'EHP0002MER', 19000, '2023-08-28 11:50:43', 1, NULL),
	(261, '1693191192901', 'admin', 'EHP0004ALB', 80000, '2023-08-28 11:53:13', 1, ''),
	(262, '1693191192901', 'admin', 'EHP0002MER', 19000, '2023-08-28 11:53:13', 1, NULL),
	(264, '1693191312013', 'admin', 'EHP0002MER', 19000, '2023-08-28 11:55:12', 1, NULL),
	(265, '1693191312013', 'admin', 'EHP0004ALB', 80000, '2023-08-28 11:55:12', 1, 'C'),
	(266, '1693191446453', 'admin', 'EHP0004ALB', 80000, '2023-08-28 11:57:26', 1, ''),
	(267, '1693191446453', 'admin', 'EHP0003MER', 8000, '2023-08-28 11:57:26', 1, NULL),
	(268, '1693191522717', 'admin', 'EHP0002MER', 19000, '2023-08-28 11:58:42', 1, NULL),
	(269, '1693191522717', 'admin', 'EHP0004ALB', 80000, '2023-08-28 11:58:42', 1, 'R'),
	(271, '1693191695532', 'admin', 'EHP0002MER', 19000, '2023-08-28 12:01:35', 1, NULL),
	(272, '1693191695532', 'admin', 'EHP0004ALB', 80000, '2023-08-28 12:01:35', 1, NULL),
	(273, '1693191848340', 'admin', 'EHP0003MER', 8000, '2023-08-28 12:04:08', 1, NULL),
	(274, '1693191848340', 'admin', 'EHP0004ALB', 80000, '2023-08-28 12:04:08', 1, ''),
	(275, '1693192563211', 'admin', 'EHP0002MER', 19000, '2023-08-28 12:16:03', 1, NULL),
	(276, '1693192563211', 'admin', 'EHP0004ALB', 80000, '2023-08-28 12:16:03', 1, NULL),
	(277, '1693192624946', 'admin', 'EHP0004ALB', 80000, '2023-08-28 12:17:05', 1, NULL),
	(278, '1693192624946', 'admin', 'EHP0001MER', 39000, '2023-08-28 12:17:05', 1, NULL),
	(279, '1693192675571', 'admin', 'FMN0001ALB', 57900, '2023-08-28 12:17:55', 1, NULL),
	(280, '1693192675571', 'admin', 'EHP0003MER', 8000, '2023-08-28 12:17:55', 1, NULL),
	(281, '1693192868186', 'admin', 'EHP0004ALB', 80000, '2023-08-28 12:21:08', 1, NULL),
	(282, '1693192868186', 'admin', 'EHP0002MER', 19000, '2023-08-28 12:21:08', 1, NULL),
	(284, '1693193379180', 'test1', 'LSF0002MEM', 25000, '2023-08-28 12:29:39', 1, NULL),
	(285, '1693193379180', 'test1', 'EHP0001MEM', 22000, '2023-08-28 12:29:39', 1, NULL),
	(293, '1693213022106', 'test1', 'BND0009MEM', 22000, '2023-08-28 17:57:02', 1, NULL),
	(294, '1693214730925', 'test1', 'LSF0002MER', 9000, '2023-08-28 18:25:30', 1, NULL),
	(295, '1693215127914', 'test1', 'TXT0001MEM', 22000, '2023-08-28 18:32:08', 1, NULL),
	(296, '1693215584226', 'test', 'EHP0001MEM', 22000, '2023-08-28 18:39:44', 1, NULL),
	(297, '1693219784448', 'test1', 'NJS0001MEM', 25000, '2023-08-28 19:49:44', 1, NULL),
	(305, '1693231063840', 'ttt', 'ZIC0005MEM', 22000, '2023-08-28 22:57:46', 1, NULL),
	(314, '1693269708633', 'aaa111', 'EHP0001MEM', 22000, '2023-08-29 09:41:48', 1, 'R'),
	(315, '1693269708633', 'aaa111', 'SVT0028MEM', 22000, '2023-08-29 09:41:48', 1, NULL),
	(316, '1693269708633', 'aaa111', 'BTS0001MEM', 25000, '2023-08-29 09:41:48', 1, NULL),
	(324, '1693270891119', 'aaa111', 'EHP0004ALB', 80000, '2023-08-29 10:01:30', 1, NULL),
	(330, '1693287395066', 'test', 'SVT0028MEM', 22000, '2023-08-29 14:36:36', 1, NULL),
	(331, '1693294490928', '비회원', 'BTS0016PTB', 11000, '2023-08-29 16:34:52', 1, NULL),
	(332, '1693294845917', 'test', 'FMN0026MEM', 22000, '2023-08-29 16:40:47', 1, NULL),
	(333, '1693357197840', '비회원', 'FMN0010ALB', 8200, '2023-08-30 09:59:56', 1, NULL),
	(334, '1693357610384', '123', 'SVT0037MER', 7000, '2023-08-30 10:06:49', 1, NULL),
	(335, '1693357610384', '123', 'EHP0003MER', 8000, '2023-08-30 10:06:49', 1, 'R'),
	(336, '1693364343335', '비회원', 'EHP0002DVD', 15000, '2023-08-30 11:59:01', 1, NULL),
	(337, '1693364814128', 'test12', 'LSF0006ALB', 17900, '2023-08-30 12:06:51', 1, NULL),
	(338, '1693365166284', '비회원', 'EHP0004ALB', 80000, '2023-08-30 12:12:44', 1, NULL),
	(339, '1693366755687', '비회원', 'BTS0012MER', 15000, '2023-08-30 12:39:13', 1, NULL),
	(340, '1693366808719', '비회원', 'BTS0001MER', 8000, '2023-08-30 12:40:06', 1, NULL),
	(341, '1693366899727', '비회원', 'FMN0001ALB', 57900, '2023-08-30 12:41:37', 1, NULL),
	(342, '1693367218160', '비회원', 'BTS0008MER', 32000, '2023-08-30 12:46:55', 1, NULL),
	(343, '1693367306372', '비회원', 'BTS0001MER', 8000, '2023-08-30 12:48:24', 1, NULL),
	(344, '1693367451935', '비회원', 'SVT0016PTB', 22000, '2023-08-30 12:50:49', 1, NULL),
	(345, '1693368139264', 'test99', 'NJS0002MER', 15000, '2023-08-30 13:02:17', 1, NULL),
	(346, '1693368139264', 'test99', 'LSF0002ALB', 19800, '2023-08-30 13:02:17', 1, NULL),
	(347, '1693368139264', 'test99', 'LSF0002MER', 9000, '2023-08-30 13:02:17', 1, NULL);

-- 테이블 semi.t4_product 구조 내보내기
CREATE TABLE IF NOT EXISTS `t4_product` (
  `P_NO` varchar(10) NOT NULL DEFAULT '' COMMENT '상품코드',
  `P_NAME` varchar(200) CHARACTER SET utf8mb4 COLLATE utf8mb4_0900_ai_ci NOT NULL COMMENT '상품명',
  `PRICE` int NOT NULL COMMENT '가격',
  `STOCK` int NOT NULL COMMENT '재고',
  `MEMBERSHIP` char(1) CHARACTER SET utf8mb4 COLLATE utf8mb4_0900_ai_ci NOT NULL COMMENT '멤버십상품여부',
  `P_DATE` date DEFAULT NULL COMMENT '최초배송일',
  `P_LIMIT` int DEFAULT NULL COMMENT '최대 구매 갯수',
  `CATEGORY` varchar(20) CHARACTER SET utf8mb4 COLLATE utf8mb4_0900_ai_ci NOT NULL COMMENT '카테고리',
  `ARTIST` varchar(20) CHARACTER SET utf8mb4 COLLATE utf8mb4_0900_ai_ci NOT NULL COMMENT '아티스트',
  `RESERVATION` varchar(50) DEFAULT NULL COMMENT '예약상품여부',
  `F_NO` varchar(50) DEFAULT NULL COMMENT '특전 조인용',
  PRIMARY KEY (`P_NO`)
) ENGINE=InnoDB DEFAULT CHARSET=utf8mb4 COLLATE=utf8mb4_0900_ai_ci COMMENT='상품(P)';

-- 테이블 데이터 semi.t4_product:~304 rows (대략적) 내보내기
INSERT INTO `t4_product` (`P_NO`, `P_NAME`, `PRICE`, `STOCK`, `MEMBERSHIP`, `P_DATE`, `P_LIMIT`, `CATEGORY`, `ARTIST`, `RESERVATION`, `F_NO`) VALUES
	('BND0001ALB', '1st Single \'WHO!\' (Weverse Albums ver.)', 11100, 999999, 'N', '2023-08-25', 10, 'ALB', 'BND', 'N', ''),
	('BND0002ALB', '1st Single \'WHO!\' (WHO ver.)', 18500, 999999, 'N', '2023-08-25', 8, 'ALB', 'BND', 'N', ''),
	('BND0003ALB', '1st Single \'WHO!\' (Crunch ver.)', 18500, 999999, 'N', '2023-08-25', 8, 'ALB', 'BND', 'N', ''),
	('BND0004ALB', '1st Single \'WHO!\' (Set)', 37000, 999999, 'N', '2023-08-25', 4, 'ALB', 'BND', 'N', ''),
	('BND0005ALB', '1st EP \'WHY..\' (LETTER ver.) (Random)', 12600, 999999, 'N', '2023-08-25', 10, 'ALB', 'BND', 'N', ''),
	('BND0006ALB', '1st EP \'WHY..\' (LETTER ver.) (Set)', 75600, 999999, 'N', '2023-08-25', 4, 'ALB', 'BND', 'N', ''),
	('BND0007ALB', '1st EP \'WHY..\' (Random)', 19700, 999999, 'N', '2023-08-25', 10, 'ALB', 'BND', 'N', ''),
	('BND0008ALB', '1st EP \'WHY..\' (Set)', 39400, 999999, 'N', '2023-08-25', 8, 'ALB', 'BND', 'N', ''),
	('BND0009MEM', 'BND MEMBERSHIP', 22000, 999999998, 'N', '2023-08-27', 1, 'MEM', 'BND', 'N', ''),
	('BTS0001ALB', 'V (BTS) \'Layover\' (Set) + \'Layover\' (Weverse Albums ver.) Set', 69700, 3164, 'N', '2023-08-24', 6, 'ALB', 'BTS', 'N', ''),
	('BTS0001DVD', 'Memories of 2021 DVD', 68000, 498, 'N', '2023-08-24', 10, 'DVD', 'BTS', 'N', ''),
	('BTS0001MEM', 'ARMY MEMBERSHIP', 25000, 34, 'N', '2023-08-24', 1, 'MEM', 'BTS', 'N', ''),
	('BTS0001MER', 'Mini Photo Card', 8000, 121, 'N', '2023-08-27', 3, 'MER', 'BTS', 'N', ''),
	('BTS0001PTB', 'Special 8 Photo-Folio Me, Myself, and Jin ‘Sea of JIN island’', 33000, 651, 'N', '2023-08-25', 2, 'PTB', 'BTS', 'N', ''),
	('BTS0002ALB', 'V (BTS) \'Layover\' (Set)', 57900, 777, 'N', '2023-08-24', 6, 'ALB', 'BTS', 'N', ''),
	('BTS0002DVD', 'Memories of 2021 Blu-ray', 95000, 29, 'N', '2023-08-24', 2, 'DVD', 'BTS', 'N', ''),
	('BTS0002MER', 'Photo Book', 22000, 500, 'N', '2023-08-27', 2, 'MER', 'BTS', 'N', ''),
	('BTS0002PTB', 'Special 8 Photo-Folio Us, Ourselves, and BTS \'WE\' 2023 Calendar', 14000, 651, 'N', '2023-08-25', 2, 'PTB', 'BTS', 'N', ''),
	('BTS0003ALB', 'V (BTS) \'Layover\' (Random)', 19300, 70, 'N', '2023-08-24', 10, 'ALB', 'BTS', 'N', ''),
	('BTS0003DVD', 'Memories of 2021 DIGITAL CODE', 95000, 83, 'N', '2023-08-24', 2, 'DVD', 'BTS', 'N', ''),
	('BTS0003MEM', 'ARMY MEMBERSHIP GIFT', 0, 10, 'Y', '2023-08-24', 1, 'MEM', 'BTS', 'N', ''),
	('BTS0004ALB', 'V (BTS) \'Layover\' (Weverse Albums ver.)', 11800, 70, 'N', '2023-08-24', 3, 'ALB', 'BTS', 'N', ''),
	('BTS0004DVD', 'BTS MEMORIES OF 2020 DVD', 68000, 80, 'N', '2023-08-24', 2, 'DVD', 'BTS', 'N', ''),
	('BTS0004MER', 'Mini Folding Photo', 15000, 981, 'N', '2023-08-27', 2, 'MER', 'BTS', 'N', ''),
	('BTS0004PTB', 'Special 8 Photo-Folio Us, Ourselves, and BTS \'WE\' SET', 45000, 5111, 'N', '2023-08-25', 2, 'PTB', 'BTS', 'N', ''),
	('BTS0005ALB', 'j-hope (BTS) \'Jack In The Box\' (HOPE Edition)', 19300, 500, 'N', '2023-08-24', 10, 'ALB', 'BTS', 'N', ''),
	('BTS0005DVD', 'BTS MEMORIES OF 2019 DVD', 64000, 739, 'N', '2023-08-24', 5, 'DVD', 'BTS', 'N', ''),
	('BTS0005PTB', 'Special 8 Photo-Folio Me, Myself, and Jimin \'ID:Chaos\'', 33000, 981, 'N', '2023-08-25', 2, 'PTB', 'BTS', 'N', ''),
	('BTS0006ALB', 'j-hope (BTS) Jack In The Box [LP] (Limited Edition)', 52000, 444, 'N', '2023-08-24', 10, 'ALB', 'BTS', 'N', ''),
	('BTS0006DVD', 'BTS MEMORIES OF 2019 BLU-RAY', 93000, 250, 'N', '2023-08-24', 2, 'DVD', 'BTS', 'N', ''),
	('BTS0006MER', 'Tape Set', 15000, 9518, 'N', '2023-08-27', 2, 'MER', 'BTS', 'N', ''),
	('BTS0007ALB', 'j-hope (BTS) Jack In The Box (Weverse Albums)', 10500, 176, 'N', '2023-08-24', 10, 'ALB', 'BTS', 'N', ''),
	('BTS0007DVD', 'BTS WORLD TOUR ‘LOVE YOURSELF : SPEAK YOURSELF’ [THE FINAL] DVD', 49000, 150, 'N', '2023-08-24', 2, 'DVD', 'BTS', 'N', ''),
	('BTS0007MER', 'Official Light Stick Keyring SE', 15000, 981, 'N', '2023-08-27', 7, 'MER', 'BTS', 'N', ''),
	('BTS0007PTB', 'Special 8 Photo-Folio Me, Myself, and RM ‘Entirety’', 33000, 33000, 'N', '2023-08-25', 2, 'PTB', 'BTS', 'N', ''),
	('BTS0008ALB', 'Agust D (BTS) \'D-DAY\' (Set) + \'D-DAY\' (Weverse Albums ver.) Set', 49000, 631, 'N', '2023-08-24', 4, 'ALB', 'BTS', 'N', ''),
	('BTS0008DVD', 'BTS WORLD TOUR ‘LOVE YOURSELF : SPEAK YOURSELF’ [THE FINAL] Blu-ray', 59000, 1320, 'N', '2023-08-24', 2, 'DVD', 'BTS', 'N', ''),
	('BTS0008MER', 'Acrylic Stand Calendar', 32000, 980, 'N', '2023-08-27', 2, 'MER', 'BTS', 'N', ''),
	('BTS0008PTB', 'Special 8 Photo-Folio Me, Myself, and Jung Kook \'Time Difference\'', 33000, 125, 'N', '2023-08-25', 2, 'PTB', 'BTS', 'N', ''),
	('BTS0009ALB', 'Agust D (BTS) \'D-DAY\' (Set)', 37000, 650, 'N', '2023-08-24', 10, 'ALB', 'BTS', 'N', ''),
	('BTS0009DVD', 'BTS WORLD TOUR ‘LOVE YOURSELF : SPEAK YOURSELF’ [THE FINAL] DIGITAL CODE', 59000, 652, 'N', '2023-08-24', 2, 'DVD', 'BTS', 'N', ''),
	('BTS0009MER', 'Cardigan (ivory)', 109000, 8711, 'N', '2023-08-27', 5, 'MER', 'BTS', 'N', ''),
	('BTS0009PTB', 'Special 8 Photo-Folio Set', 276000, 8111, 'N', '2023-08-25', 10, 'PTB', 'BTS', 'N', ''),
	('BTS0010ALB', 'Agust D (BTS) \'D-DAY\' (Random)', 18500, 45, 'N', '2023-08-24', 2, 'ALB', 'BTS', 'N', ''),
	('BTS0010DVD', 'BTS 2021 MUSTER SOWOOZOO DVD', 45000, 65, 'N', '2023-08-24', 7, 'DVD', 'BTS', 'N', ''),
	('BTS0010MER', 'Sweatshirt (melange grey)', 69000, 115, 'N', '2023-08-27', 2, 'MER', 'BTS', 'N', ''),
	('BTS0010PTB', 'Special 8 Photo-Folio Me, Myself, and SUGA ‘Wholly or Whole me’', 33000, 811, 'N', '2023-08-25', 5, 'PTB', 'BTS', 'N', ''),
	('BTS0011ALB', 'Agust D (BTS) \'D-DAY\' (Weverse Albums ver.)', 12000, 332, 'N', '2023-08-24', 10, 'ALB', 'BTS', 'N', ''),
	('BTS0011DVD', 'BTS 2021 MUSTER SOWOOZOO Blu-ray', 58000, 8, 'N', '2023-08-24', 7, 'DVD', 'BTS', 'N', ''),
	('BTS0011MER', 'Bracelet Set', 69000, 12412, 'N', '2023-08-27', 2, 'MER', 'BTS', 'N', ''),
	('BTS0011PTB', 'Special 8 Photo-Folio Me, Myself, and j-hope ‘All New Hope’', 33000, 33000, 'N', '2023-08-25', 2, 'PTB', 'BTS', 'N', ''),
	('BTS0012ALB', 'Jimin (BTS) \'FACE\' (Set) + \'FACE\' (Weverse Albums ver.) Set', 49000, 188, 'N', '2023-08-24', 3, 'ALB', 'BTS', 'N', ''),
	('BTS0012DVD', 'BTS FESTA D-DAY CALENDAR : Celebration of The 8th Anniversary', 42000, 735, 'N', '2023-08-24', 7, 'DVD', 'BTS', 'N', ''),
	('BTS0012MER', 'Official Light Stick Pen SE ver.', 15000, 810, 'N', '2023-08-27', 2, 'MER', 'BTS', 'N', ''),
	('BTS0012PTB', 'Special 8 Photo-Folio Me, Myself, and V ‘Veautiful Days’', 33000, 891, 'N', '2023-08-25', 2, 'PTB', 'BTS', 'N', ''),
	('BTS0013ALB', 'Jimin (BTS) \'FACE\' (Weverse Albums ver.)', 12000, 153, 'N', '2023-08-24', 10, 'ALB', 'BTS', 'N', ''),
	('BTS0013DVD', '2022 Wall Calendar', 20000, 500, 'N', '2023-08-24', 3, 'DVD', 'BTS', 'N', ''),
	('BTS0013PTB', 'BTS MAP OF THE SOUL ON:E CONCEPT PHOTOBOOK ROUTE VER.', 32000, 611, 'N', '2023-08-25', 4, 'PTB', 'BTS', 'N', ''),
	('BTS0014ALB', 'RM (BTS) \'Indigo\' (Set)', 29800, 981, 'N', '2023-08-24', 3, 'ALB', 'BTS', 'N', ''),
	('BTS0014DVD', 'BTS MAP OF THE SOUL ON:E DVD', 45000, 800, 'N', '2023-08-24', 4, 'DVD', 'BTS', 'N', ''),
	('BTS0014PTB', 'BTS MAP OF THE SOUL ON:E CONCEPT PHOTOBOOK SPECIAL SET', 64000, 811, 'N', '2023-08-25', 2, 'PTB', 'BTS', 'N', ''),
	('BTS0015ALB', 'RM (BTS) \'Indigo\' Postcard Edition (Weverse Albums ver.)', 12000, 461, 'N', '2023-08-24', 2, 'ALB', 'BTS', 'N', ''),
	('BTS0015DVD', 'BTS MAP OF THE SOUL ON:E BLU-RAY', 58000, 600, 'N', '2023-08-24', 4, 'DVD', 'BTS', 'N', ''),
	('BTS0015MER', 'Denim Tote Bag', 65000, 511, 'N', '2023-08-27', 6, 'MER', 'BTS', 'N', ''),
	('BTS0015PTB', 'BTS MAP OF THE SOUL ON:E CONCEPT PHOTOBOOK CLUE VER.', 32000, 511, 'N', '2023-08-25', 6, 'PTB', 'BTS', 'N', ''),
	('BTS0016ALB', 'RM (BTS) \'Indigo\' (Book Edition)', 17800, 162, 'N', '2023-08-24', 9, 'ALB', 'BTS', 'N', ''),
	('BTS0016PTB', 'Sticker Set', 11000, 12549, 'N', '2023-08-27', 10, 'PTB', 'BTS', 'N', ''),
	('BTS0017ALB', 'Jin (BTS) The Astronaut (Random)', 17000, 664, 'N', '2023-08-24', 9, 'ALB', 'BTS', 'N', ''),
	('BTS0017DVD', '2021 Season\'s Greetings', 45000, 1478, 'N', '2023-08-24', 10, 'DVD', 'BTS', 'N', ''),
	('BTS0017PTB', 'Postcard Set (Purple)', 24800, 911, 'N', '2023-08-27', 4, 'PTB', 'BTS', 'N', ''),
	('BTS0018ALB', 'Jin (BTS) The Astronaut (Set)', 34000, 814, 'N', '2023-08-24', 8, 'ALB', 'BTS', 'N', ''),
	('BTS0018DVD', 'BTS MEMORIES OF 2019-2020 BLU-RAY SET', 174840, 351, 'N', '2023-08-24', 3, 'DVD', 'BTS', 'N', ''),
	('BTS0018MER', 'Long Sleeve T-shirts', 45000, 4511, 'N', '2023-08-27', 5, 'MER', 'BTS', 'N', ''),
	('BTS0019ALB', 'LOVE YOURSELF 承 \'Her\' (LP)', 52000, 225, 'N', '2023-08-24', 4, 'ALB', 'BTS', 'N', ''),
	('BTS0019DVD', '2021 BTS Winter Package', 49000, 231, 'N', '2023-08-24', 4, 'DVD', 'BTS', 'N', ''),
	('BTS0020ALB', 'Proof (Collector’s Edition)', 297000, 898, 'N', '2023-08-24', 3, 'ALB', 'BTS', 'N', ''),
	('BTS0020DVD', '2021 Season\'s Greetings & Wall Calendar', 61750, 80, 'N', '2023-08-24', 2, 'DVD', 'BTS', 'N', ''),
	('BTS0021ALB', 'Bad Decisions CD', 9800, 151, 'N', '2023-08-24', 10, 'ALB', 'BTS', 'N', ''),
	('BTS0021DVD', 'BTS WORLD TOUR ‘LOVE YOURSELF: SPEAK YOURSELF’ LONDON BLU-RAY', 55000, 651, 'N', '2023-08-24', 6, 'DVD', 'BTS', 'N', ''),
	('BTS0022ALB', 'Proof (Set)', 74200, 91, 'N', '2023-08-24', 6, 'ALB', 'BTS', 'N', ''),
	('BTS0022DVD', 'BTS WORLD TOUR ‘LOVE YOURSELF: SPEAK YOURSELF’ LONDON DVD', 42000, 123, 'N', '2023-08-24', 2, 'DVD', 'BTS', 'N', ''),
	('BTS0023ALB', 'Butter (Set)', 35600, 511, 'N', '2023-08-24', 10, 'ALB', 'BTS', 'N', ''),
	('BTS0023DVD', '2019 BTS 5TH MUSTER [MAGIC SHOP] BLU-RAY', 66000, 500, 'N', '2023-08-24', 2, 'DVD', 'BTS', 'N', ''),
	('BTS0024ALB', '『BTS, THE BEST』 Standard', 34800, 442, 'N', '2023-08-24', 3, 'ALB', 'BTS', 'N', ''),
	('BTS0024DVD', '2019 BTS 5TH MUSTER [MAGIC SHOP] DVD', 52000, 62, 'N', '2023-08-24', 2, 'DVD', 'BTS', 'N', ''),
	('BTS0025ALB', '『BTS, THE BEST』 Type C', 47800, 815, 'N', '2023-08-24', 7, 'ALB', 'BTS', 'N', ''),
	('BTS0025DVD', '2020 Winter Package', 43000, 84, 'N', '2023-08-24', 6, 'DVD', 'BTS', 'N', ''),
	('BTS0026ALB', '『BTS, THE BEST』 Type A', 59800, 61, 'N', '2023-08-24', 7, 'ALB', 'BTS', 'N', ''),
	('BTS0026DVD', 'BTS WORLD TOUR ‘LOVE YOURSELF: SPEAK YOURSELF’ SAO PAULO DVD', 42000, 321, 'N', '2023-08-24', 2, 'DVD', 'BTS', 'N', ''),
	('BTS0027ALB', 'Map Of The Soul : 7', 19400, 661, 'N', '2023-08-24', 3, 'ALB', 'BTS', 'N', ''),
	('BTS0027DVD', '2020 Season\'s Greetings', 42000, 456, 'N', '2023-08-24', 2, 'DVD', 'BTS', 'N', ''),
	('BTS0028ALB', 'BE (Essential Edition)', 19300, 651, 'N', '2023-08-24', 7, 'ALB', 'BTS', 'N', ''),
	('BTS0028DVD', '2020 Season\'s Greetings & Wall Calendar', 58900, 60, 'N', '2023-08-24', 2, 'DVD', 'BTS', 'N', ''),
	('BTS0029ALB', 'Skool Luv Affair Special Addition', 39400, 351, 'N', '2023-08-24', 7, 'ALB', 'BTS', 'N', ''),
	('BTS0029DVD', '2020 Wall Calendar', 20000, 80, 'N', '2023-08-24', 2, 'DVD', 'BTS', 'N', ''),
	('BTS0030ALB', 'Dynamite - Limited Edition Cassette', 8900, 351, 'N', '2023-08-24', 6, 'ALB', 'BTS', 'N', ''),
	('BTS0030DVD', 'BTS MEMORIES OF 2018 BLU-RAY', 85000, 35, 'N', '2023-08-24', 4, 'DVD', 'BTS', 'N', ''),
	('BTS0031ALB', 'LOVE YOURSELF 結 ‘Answer’', 17800, 511, 'N', '2023-08-24', 10, 'ALB', 'BTS', 'N', ''),
	('BTS0031DVD', '2019 BTS Summer Package', 43000, 3, 'N', '2023-08-24', 4, 'DVD', 'BTS', 'N', ''),
	('BTS0032ALB', '정규 2집 [WINGS]', 14900, 331, 'N', '2023-08-24', 10, 'ALB', 'BTS', 'N', ''),
	('BTS0032DVD', 'BTS MEMORIES OF 2018 DVD', 54000, 433, 'N', '2023-08-24', 2, 'DVD', 'BTS', 'N', ''),
	('BTS0033ALB', 'MAP OF THE SOUL : PERSONA', 14800, 611, 'N', '2023-08-24', 10, 'ALB', 'BTS', 'N', ''),
	('BTS0033DVD', 'BTS WORLD TOUR \'LOVE YOURSELF\' EUROPE Blu-ray', 55000, 50, 'N', '2023-08-24', 2, 'DVD', 'BTS', 'N', ''),
	('BTS0034ALB', '싱글 [2 COOL 4 SKOOL]', 10400, 600, 'N', '2023-08-24', 5, 'ALB', 'BTS', 'N', ''),
	('BTS0034DVD', 'BTS WORLD TOUR \'LOVE YOURSELF\' NEWYORK DVD', 42000, 351, 'N', '2023-08-24', 2, 'DVD', 'BTS', 'N', ''),
	('BTS0035ALB', 'BTS Butter 7 Vinyl', 11800, 350, 'N', '2023-08-24', 10, 'ALB', 'BTS', 'N', ''),
	('BTS0035DVD', 'BTS WORLD TOUR \'LOVE YOURSELF\' EUROPE DVD', 42000, 255, 'N', '2023-08-24', 2, 'DVD', 'BTS', 'N', ''),
	('BTS0036ALB', '『BTS, THE BEST』 SET B', 139400, 664, 'N', '2023-08-24', 5, 'ALB', 'BTS', 'N', ''),
	('BTS0036DVD', 'BTS 4th MUSTER [Happy Ever After] DVD', 43000, 66, 'N', '2023-08-24', 2, 'DVD', 'BTS', 'N', ''),
	('BTS0037ALB', 'THE PLANET (BASTIONS OST)', 20700, 510, 'N', '2023-08-24', 3, 'ALB', 'BTS', 'N', ''),
	('BTS0037DVD', 'BTS 4th MUSTER [Happy Ever After] Blu-ray', 55000, 655, 'N', '2023-08-24', 2, 'DVD', 'BTS', 'N', ''),
	('BTS0038ALB', 'BTS WORLD OST', 16300, 135, 'N', '2023-08-24', 10, 'ALB', 'BTS', 'N', ''),
	('BTS1234PTB', 'TEST', 123, 222, 'N', '2023-08-30', 2, 'PTB', 'BTS', 'N', ''),
	('EHP0001MEM', 'ENGENE MEMBERSHIP', 22000, 999995, 'N', '2023-08-24', 1, 'MEM', 'EHP', 'N', ''),
	('EHP0001MER', 'Official Light Stick', 39000, 999994, 'N', '2023-08-24', 3, 'MER', 'EHP', 'N', ''),
	('EHP0002ALB', 'JP 1st Album 『Sadame』 Solo Jacket Limited', 24800, 999997, 'N', '2023-08-24', 7, 'ALB', 'EHP', 'N', ''),
	('EHP0002DVD', 'PIECES OF MEMORIES', 15000, 999996, 'N', '2023-08-24', 3, 'DVD', 'EHP', 'N', ''),
	('EHP0002MEM', 'ENGENE MEMBERSHIP KIT', 15000, 999999, 'Y', '2023-08-24', 1, 'MEM', 'EHP', 'N', ''),
	('EHP0002MER', 'OFFICIAL LIGHT STICK KEYRING', 19000, 999985, 'N', '2023-08-24', 3, 'MER', 'EHP', 'N', ''),
	('EHP0003ALB', 'JP 1st Album 『Sadame』 Standard', 24800, 999996, 'N', '2023-08-24', 7, 'ALB', 'EHP', 'N', ''),
	('EHP0003DVD', 'Memories : STEP 1 DVD', 45000, 999996, 'N', '2023-08-24', 3, 'DVD', 'EHP', 'N', ''),
	('EHP0003MER', 'Trading Card', 8000, 999968, 'N', '2023-08-24', 7, 'MER', 'EHP', 'N', ''),
	('EHP0004ALB', 'Trading Card Set', 80000, 999967, 'N', '2023-08-24', 4, 'ALB', 'EHP', 'N', ''),
	('EHP0004DVD', 'PIECES OF MEMORIES & Memories : STEP 1 DVD', 57000, 999999, 'N', '2023-08-24', 3, 'DVD', 'EHP', 'N', ''),
	('EHP0005ALB', 'JP 1st Album 『Sadame』 Limited A', 37400, 999999, 'N', '2023-08-24', 7, 'ALB', 'EHP', 'N', ''),
	('EHP0005DVD', '2021 FANMEETING [EN-CONNECT] DVD', 42000, 999998, 'Y', '2023-08-24', 3, 'DVD', 'EHP', 'N', ''),
	('EHP0005MER', 'Postcard Book', 22000, 999998, 'N', '2023-08-24', 3, 'MER', 'EHP', 'N', ''),
	('EHP0006ALB', 'JP 1st Album 『Sadame』 Limited B', 37400, 999998, 'N', '2023-08-24', 7, 'ALB', 'EHP', 'N', ''),
	('EHP0006DVD', 'WORLD TOUR <MANIFESTO> in SEOUL DVD', 47000, 999998, 'N', '2023-08-24', 8, 'DVD', 'EHP', 'N', ''),
	('EHP0007ALB', 'JP 1st Album 『Sadame』 3 SET', 99600, 999999, 'N', '2023-08-24', 7, 'ALB', 'EHP', 'N', ''),
	('EHP0007DVD', 'Memories : STEP 2 DVD', 49000, 999999, 'N', '2023-08-24', 6, 'DVD', 'EHP', 'N', ''),
	('EHP0008ALB', 'MANIFESTO : DAY 1 (Set)', 53400, 999999, 'N', '2023-08-24', 7, 'ALB', 'EHP', 'N', ''),
	('EHP0008DVD', 'PIECES OF MEMORIES [2021-2022]', 15000, 999999, 'N', '2023-08-24', 6, 'DVD', 'EHP', 'N', ''),
	('EHP0009ALB', 'MANIFESTO : DAY 1 (ENGENE ver.) (Set)', 41700, 999999, 'N', '2023-08-24', 7, 'ALB', 'EHP', 'N', ''),
	('EHP0009DVD', 'Memories : STEP 2 DVD + PIECES OF MEMORIES [2021-2022] SET', 62000, 999997, 'N', '2023-08-24', 5, 'DVD', 'EHP', 'N', ''),
	('EHP0010ALB', 'MANIFESTO : DAY 1 (Set) + MANIFESTO : DAY 1 (ENGENE ver.) (Set)', 95100, 999998, 'N', '2023-08-24', 7, 'ALB', 'EHP', 'N', ''),
	('EHP0011ALB', 'JP 2nd Single 「DIMENSION : SENKOU」 Solo Jacket Limited', 16700, 999999, 'N', '2023-08-24', 2, 'ALB', 'EHP', 'N', ''),
	('EHP0012ALB', 'JP 2nd Single 「DIMENSION : SENKOU」 Standard', 16700, 999999, 'N', '2023-08-24', 7, 'ALB', 'EHP', 'N', ''),
	('EHP0013ALB', 'JP 2nd Single 「DIMENSION : SENKOU」 Limited B', 20400, 999999, 'N', '2023-08-24', 7, 'ALB', 'EHP', 'N', ''),
	('EHP0014ALB', 'JP 2nd Single 「DIMENSION : SENKOU」 3 SET', 59800, 999999, 'N', '2023-08-24', 7, 'ALB', 'EHP', 'N', ''),
	('EHP0015ALB', 'JP 1st SINGLE [BORDER : Hakanai] Standard', 16700, 999999, 'N', '2023-08-24', 5, 'ALB', 'EHP', 'N', ''),
	('EHP0016ALB', 'JP 1st SINGLE [BORDER : Hakanai] Solo Jacket Limited', 16700, 999997, 'N', '2023-08-24', 2, 'ALB', 'EHP', 'N', ''),
	('EHP0017ALB', 'DARK BLOOD (Random)', 19300, 999999, 'N', '2023-08-24', 10, 'ALB', 'EHP', 'N', ''),
	('FMN0001ALB', 'fromis_9 1st Album ‘Unlock My World’ (Set)', 57900, 999999989, 'N', '2023-08-24', 10, 'ALB', 'FMN', 'N', ''),
	('FMN0002ALB', 'fromis_9 1st Album ‘Unlock My World’ (Random)', 19300, 999999997, 'N', '2023-08-24', 10, 'ALB', 'FMN', 'N', ''),
	('FMN0003ALB', 'fromis_9 1st Album ‘Unlock My World’ (Compact ver.) Set', 106200, 999999993, 'N', '2023-08-24', 10, 'ALB', 'FMN', 'N', ''),
	('FMN0004ALB', 'fromis_9 1st Album ‘Unlock My World’ (Compact ver.) Random', 11800, 999999990, 'N', '2023-08-24', 10, 'ALB', 'FMN', 'N', ''),
	('FMN0005ALB', ' Midnight Guest (Set)', 32600, 999999998, 'N', '2023-08-24', 10, 'ALB', 'FMN', 'N', ''),
	('FMN0006ALB', 'Midnight Guest (Random)', 16300, 999999997, 'N', '2023-08-24', 10, 'ALB', 'FMN', 'N', ''),
	('FMN0007ALB', '1st Single Album FUN FACTORY', 13400, 999999999, 'N', '2023-08-24', 10, 'ALB', 'FMN', 'N', ''),
	('FMN0008ALB', '3rd Mini Album My Little Society', 16300, 999999999, 'N', '2023-08-24', 6, 'ALB', 'FMN', 'N', ''),
	('FMN0009ALB', 'Special Single Album Talk & Talk', 13400, 999999999, 'N', '2023-08-24', 6, 'ALB', 'FMN', 'N', ''),
	('FMN0010ALB', 'Midnight Guest Jewel Case (Random)', 8200, 999999997, 'N', '2023-08-24', 10, 'ALB', 'FMN', 'N', ''),
	('FMN0011ALB', 'Midnight Guest Jewel Case (Set)', 73800, 999999999, 'N', '2023-08-24', 6, 'ALB', 'FMN', 'N', ''),
	('FMN0012ALB', '5th Mini Album \'from our Memento Box\' (Random)', 17800, 999999999, 'N', '2023-08-24', 6, 'ALB', 'FMN', 'N', ''),
	('FMN0013ALB', '5th Mini Album \'from our Memento Box\' (Set)', 53400, 999999999, 'N', '2023-08-24', 6, 'ALB', 'FMN', 'N', ''),
	('FMN0014ALB', '5th Mini Album \'from our Memento Box\' KiT Wish ver.', 19300, 999999999, 'N', '2023-08-24', 9, 'ALB', 'FMN', 'N', ''),
	('FMN0015ALB', '5th Mini Album \'from our Memento Box\' KiT Dream ver.', 19300, 999999999, 'N', '2023-08-24', 9, 'ALB', 'FMN', 'N', ''),
	('FMN0016ALB', 'fromis_9 1st Album ‘Unlock My World’ (Weverse Albums ver.) Random', 11100, 999999999, 'N', '2023-08-24', 10, 'ALB', 'FMN', 'N', ''),
	('FMN0017ALB', 'fromis_9 1st Album ‘Unlock My World’ (Weverse Albums ver.) Set', 88800, 999999999, 'N', '2023-08-24', 4, 'ALB', 'FMN', 'N', ''),
	('FMN0018MER', 'Tin Case & Selfie Photocard Set', 15000, 999999999, 'N', '2023-08-24', 5, 'MER', 'FMN', 'N', ''),
	('FMN0019MER', 'Postcard Book', 20000, 999999999, 'N', '2023-08-24', 5, 'MER', 'FMN', 'N', ''),
	('FMN0020MER', '2 Cuts Photo', 15000, 999999999, 'N', '2023-08-24', 5, 'MER', 'FMN', 'N', ''),
	('FMN0021MER', 'Postcard Set', 18000, 999999999, 'N', '2023-08-24', 5, 'MER', 'FMN', 'N', ''),
	('FMN0022MER', 'Instant Photo & Keyring Set', 22000, 999999999, 'N', '2023-08-24', 5, 'MER', 'FMN', 'N', ''),
	('FMN0023MER', 'Eco Bag', 35000, 999999999, 'N', '2023-08-24', 4, 'MER', 'FMN', 'N', ''),
	('FMN0024MER', 'Leather Bracelet', 28000, 999999999, 'N', '2023-08-24', 5, 'MER', 'FMN', 'N', ''),
	('FMN0025MER', 'Official Light Stick', 49000, 999999999, 'N', '2023-08-24', 3, 'MER', 'FMN', 'N', ''),
	('FMN0026MEM', 'flover MEMBERSHIP', 22000, 999999998, 'N', '2023-08-24', 1, 'MEM', 'FMN', 'N', ''),
	('FMN0027MEM', 'flover MEMBERSHIP KIT', 12000, 999999999, 'Y', '2023-08-24', 1, 'MEM', 'FMN', 'N', ''),
	('LSF0001ALB', 'JAPAN 1st Single [FEARLESS] Standard', 13400, 999998, 'N', '2023-08-24', 5, 'ALB', 'LSF', 'N', ''),
	('LSF0001MER', 'Official Light Stick', 49000, 999999, 'N', '2023-08-24', 3, 'MER', 'LSF', 'N', ''),
	('LSF0002ALB', 'JAPAN 1st Single [FEARLESS] Limited A', 19800, 999998, 'N', '2023-08-24', 5, 'ALB', 'LSF', 'N', ''),
	('LSF0002MEM', 'FEARNOT MEMBERSHIP', 25000, 999997, 'N', '2023-08-24', 1, 'MEM', 'LSF', 'N', ''),
	('LSF0002MER', 'Lucky Draw', 9000, 999997, 'N', '2023-08-24', 5, 'MER', 'LSF', 'N', ''),
	('LSF0002PTB', 'LE SSERAFIM\'s DAY OFF IN JEJU PHOTOBOOK', 25000, 999998, 'N', '2023-08-24', 10, 'PTB', 'LSF', 'N', ''),
	('LSF0003ALB', 'JAPAN 1st Single [FEARLESS] Limited B', 19800, 999999, 'N', '2023-08-24', 5, 'ALB', 'LSF', 'N', ''),
	('LSF0003MEM', 'FEARNOT WELCOME GIFT', 0, 999999, 'Y', '2023-08-24', 1, 'MEM', 'LSF', 'N', ''),
	('LSF0003MER', 'Photo Card Set', 25000, 999999, 'N', '2023-08-24', 5, 'MER', 'LSF', 'N', ''),
	('LSF0004ALB', 'JAPAN 1st Single [FEARLESS] 3 SET', 53000, 999999, 'N', '2023-08-24', 5, 'ALB', 'LSF', 'N', ''),
	('LSF0004MER', 'Mini Photo Card Set', 80000, 999999, 'N', '2023-08-24', 2, 'MER', 'LSF', 'N', ''),
	('LSF0005ALB', 'JAPAN 1st Single [FEARLESS] Solo Jacket', 19400, 999999, 'N', '2023-08-24', 4, 'ALB', 'LSF', 'N', ''),
	('LSF0005MER', 'Photo Card Binder', 32000, 999999, 'N', '2023-08-24', 3, 'MER', 'LSF', 'N', ''),
	('LSF0006ALB', '1st Mini Album \'FEARLESS\' Random', 17900, 999998, 'N', '2023-08-24', 6, 'ALB', 'LSF', 'N', ''),
	('LSF0007ALB', '2nd Mini Album \'ANTIFRAGILE\' Random', 18500, 999999, 'N', '2023-08-24', 5, 'ALB', 'LSF', 'N', ''),
	('LSF0008MER', 'Postcard Book', 22000, 999999, 'N', '2023-08-24', 2, 'MER', 'LSF', 'N', ''),
	('LSF0009ALB', '2nd Mini Album \'ANTIFRAGILE\' (COMPACT Ver.) Random', 11100, 999999, 'N', '2023-08-24', 5, 'ALB', 'LSF', 'N', ''),
	('LSF0010ALB', '1st Studio Album \'UNFORGIVEN\' (COMPACT Ver.) Random', 12600, 999999, 'N', '2023-08-24', 10, 'ALB', 'LSF', 'N', ''),
	('LSF0011ALB', '1st Studio Album \'UNFORGIVEN\' (Random)', 20700, 999999, 'N', '2023-08-24', 10, 'ALB', 'LSF', 'N', ''),
	('LSF0012ALB', 'JAPAN 2nd Single [UNFORGIVEN] Solo Jacket Set', 67000, 999999, 'N', '2023-08-24', 10, 'ALB', 'LSF', 'N', ''),
	('LSF0013ALB', 'JAPAN 2nd Single [UNFORGIVEN] 3 Set', 53000, 999999, 'N', '2023-08-24', 10, 'ALB', 'LSF', 'N', ''),
	('NJS0001ALB', 'NewJeans 1st EP \'New Jeans\' Bluebook ver. (Random)', 18800, 999999, 'N', '2023-08-25', 6, 'ALB', 'NJS', 'N', ''),
	('NJS0001MEM', 'Bunnies MEMBERSHIP', 25000, 999997, 'N', '2023-08-25', 1, 'MEM', 'NJS', 'N', ''),
	('NJS0001MER', 'Light Stick', 49000, 999998, 'N', '2023-08-25', 3, 'MER', 'NJS', 'N', ''),
	('NJS0001PTB', 'BUNNIES CAMP PHOTOBOOK', 18000, 999999, 'N', '2023-08-25', 4, 'PTB', 'NJS', 'N', ''),
	('NJS0002ALB', 'NewJeans 1st EP \'New Jeans\' Bluebook ver. (Set)', 112800, 999999, 'N', '2023-08-25', 4, 'ALB', 'NJS', 'N', ''),
	('NJS0002MEM', 'Bunnies MEMBERSHIP KIT', 16000, 999999, 'Y', '2023-08-25', 1, 'MEM', 'NJS', 'N', ''),
	('NJS0002MER', 'Light Stick Parts (MINJI)', 15000, 999998, 'N', '2023-08-25', 3, 'MER', 'NJS', 'N', ''),
	('NJS0003ALB', 'NewJeans ‘OMG’ Message Card ver. (Random)', 14800, 999999, 'N', '2023-08-25', 6, 'ALB', 'NJS', 'N', ''),
	('NJS0003MEM', 'Bunnies MEMBERSHIP KIT (Tokki Edition)', 33000, 999999, 'Y', '2023-08-25', 1, 'MEM', 'NJS', 'N', ''),
	('NJS0003MER', 'Light Stick Parts (HANNI)', 15000, 999999, 'N', '2023-08-25', 3, 'MER', 'NJS', 'N', ''),
	('NJS0004ALB', 'NewJeans ‘OMG’ Message Card ver. (Set)', 88800, 999999, 'N', '2023-08-25', 6, 'ALB', 'NJS', 'N', ''),
	('NJS0004MER', 'Light Stick Parts (DANIELLE)', 15000, 999998, 'N', '2023-08-25', 3, 'MER', 'NJS', 'N', ''),
	('NJS0005ALB', 'NewJeans 2nd EP \'Get Up\' THE POWERPUFF GIRLS X NJ Box ver. (Random)', 18500, 999999, 'N', '2023-08-25', 6, 'ALB', 'NJS', 'N', ''),
	('NJS0005MER', 'Light Stick Parts (HAERIN)', 15000, 999999, 'N', '2023-08-25', 3, 'MER', 'NJS', 'N', ''),
	('NJS0006ALB', 'NewJeans 2nd EP \'Get Up\' Bunny Beach Bag ver. (Random)', 20000, 999999, 'N', '2023-08-25', 6, 'ALB', 'NJS', 'N', ''),
	('NJS0006MER', 'Light Stick Parts (HYEIN)', 15000, 999999, 'N', '2023-08-25', 3, 'MER', 'NJS', 'N', ''),
	('NJS0007ALB', 'NewJeans 2nd EP \'Get Up\' Bunny Beach Bag ver. (Set)', 120000, 999999, 'N', '2023-08-25', 4, 'ALB', 'NJS', 'N', ''),
	('NJS0008MER', 'Light Stick Parts (NJ & TOKKI)', 15000, 999999, 'N', '2023-08-25', 3, 'MER', 'NJS', 'N', ''),
	('NJS0009MER', 'NOTE BOARD', 5000, 999993, 'N', '2023-08-25', 4, 'MER', 'NJS', 'N', ''),
	('NJS0010MER', 'SMARTTOK (TOKKI)', 15000, 999999, 'N', '2023-08-25', 4, 'MER', 'NJS', 'N', ''),
	('NJS0011MER', 'PHOTO SET VER.1', 15000, 999999, 'N', '2023-08-25', 4, 'MER', 'NJS', 'N', ''),
	('NJS0012MER', 'STICKER PACK', 10000, 999998, 'N', '2023-08-25', 4, 'MER', 'NJS', 'N', ''),
	('NJS0013MER', 'BUNNIES CAMP PHOTO CARD SET', 8000, 999998, 'N', '2023-08-25', 4, 'MER', 'NJS', 'N', ''),
	('SVT0001ALB', 'JAPAN BEST ALBUM「ALWAYS YOURS」 5 SET', 188400, 999999997, 'N', '2023-08-24', 4, 'ALB', 'SVT', 'N', ''),
	('SVT0002ALB', 'JAPAN BEST ALBUM「ALWAYS YOURS」 Type A', 38900, 999999998, 'N', '2023-08-24', 7, 'ALB', 'SVT', 'N', ''),
	('SVT0003ALB', 'JAPAN BEST ALBUM「ALWAYS YOURS」 Type B', 38900, 999999999, 'N', '2023-08-24', 7, 'ALB', 'SVT', 'N', ''),
	('SVT0004ALB', 'JAPAN BEST ALBUM「ALWAYS YOURS」 Type C', 38900, 999999999, 'N', '2023-08-24', 7, 'ALB', 'SVT', 'N', ''),
	('SVT0005ALB', 'JAPAN BEST ALBUM「ALWAYS YOURS」 Standard', 32800, 999999999, 'N', '2023-08-24', 7, 'ALB', 'SVT', 'N', ''),
	('SVT0006ALB', 'JAPAN 2ND MINI ALBUM 「24H」Type A', 29300, 999999999, 'N', '2023-08-24', 4, 'ALB', 'SVT', 'N', ''),
	('SVT0007ALB', 'JAPAN 2ND MINI ALBUM 「24H」Type B', 29300, 999999999, 'N', '2023-08-24', 4, 'ALB', 'SVT', 'N', ''),
	('SVT0008ALB', 'Special Album \'; [Semicolon]\'', 16400, 999999999, 'N', '2023-08-24', 8, 'ALB', 'SVT', 'N', ''),
	('SVT0009ALB', '9th Mini Album [Attacca] KiT', 21900, 999999999, 'N', '2023-08-24', 4, 'ALB', 'SVT', 'N', ''),
	('SVT0010ALB', 'JAPAN 3RD SINGLE 「히토리쟈나이」 Type D', 18700, 999999999, 'N', '2023-08-24', 4, 'ALB', 'SVT', 'N', ''),
	('SVT0011ALB', 'JAPAN 3RD SINGLE 「히토리쟈나이」 Standard', 15700, 999999999, 'N', '2023-08-24', 4, 'ALB', 'SVT', 'N', ''),
	('SVT0012ALB', '1st Mini Album \'17 CARAT\'', 10300, 999999999, 'N', '2023-08-24', 7, 'ALB', 'SVT', 'N', ''),
	('SVT0013ALB', 'JAPAN 3RD SINGLE 「히토리쟈나이」 Type A', 18700, 999999999, 'N', '2023-08-24', 4, 'ALB', 'SVT', 'N', ''),
	('SVT0014ALB', 'JAPAN 3RD SINGLE 「히토리쟈나이」 Type B', 18700, 999999999, 'N', '2023-08-24', 4, 'ALB', 'SVT', 'N', ''),
	('SVT0015ALB', '7TH MINI ALBUM [헹가래(Heng:garae)] Hana Ver.', 14900, 999999999, 'N', '2023-08-24', 5, 'ALB', 'SVT', 'N', ''),
	('SVT0016PTB', 'SEVENTEEN [GOING] Magazine Vol.2', 22000, 999999997, 'N', '2023-08-24', 4, 'PTB', 'SVT', 'N', ''),
	('SVT0017PTB', '‘The Thirteen Tapes (TTT)’ vol. 3/13 VERNON', 16500, 999999998, 'N', '2023-08-24', 4, 'PTB', 'SVT', 'N', ''),
	('SVT0018PTB', 'Ode to You, Off the Record', 22000, 999999999, 'N', '2023-08-24', 3, 'PTB', 'SVT', 'N', ''),
	('SVT0019PTB', 'Memory Book', 20000, 999999998, 'N', '2023-08-24', 2, 'PTB', 'SVT', 'N', ''),
	('SVT0020PTB', '2022 SVT PHOTOBOOK THE NAME;17', 40000, 999999995, 'N', '2023-08-24', 4, 'PTB', 'SVT', 'N', ''),
	('SVT0021PTB', 'PHOTOBOOK \'SOCIAL CLUB : CARAT\' AL FINE Ver.', 34000, 999999999, 'N', '2023-08-24', 2, 'PTB', 'SVT', 'N', ''),
	('SVT0022PTB', 'SEVENTEEN IN THE SOOP 2 MAKING PHOTOBOOK', 25000, 999999999, 'N', '2023-08-24', 4, 'PTB', 'SVT', 'N', ''),
	('SVT0023PTB', 'SEVENTEEN IN THE SOOP MAKING PHOTOBOOK', 22000, 999999999, 'N', '2023-08-24', 4, 'PTB', 'SVT', 'N', ''),
	('SVT0024PTB', 'The Thirteen Tapes (TTT) vol.2/13 WOOZI', 16500, 999999999, 'N', '2023-08-24', 4, 'PTB', 'SVT', 'N', ''),
	('SVT0025PTB', 'PHOTOBOOK \'SOCIAL CLUB : CARAT\' SET', 69000, 999999999, 'N', '2023-08-24', 4, 'PTB', 'SVT', 'N', ''),
	('SVT0026PTB', 'PHOTOBOOK \'SOCIAL CLUB : CARAT\' DA CAPO Ver.', 34000, 999999999, 'N', '2023-08-24', 2, 'PTB', 'SVT', 'N', ''),
	('SVT0027PTB', '[GOING] Magazine', 17000, 999999999, 'N', '2023-08-24', 3, 'PTB', 'SVT', 'N', ''),
	('SVT0028MEM', 'CARAT MEMBERSHIP', 22000, 999999997, 'N', '2023-08-24', 1, 'MEM', 'SVT', 'N', ''),
	('SVT0029MEM', 'CARAT MEMBERSHIP KIT', 15000, 999999999, 'Y', '2023-08-24', 1, 'MEM', 'SVT', 'N', ''),
	('SVT0030MER', 'Sticker Set', 18000, 999999999, 'N', '2023-08-24', 2, 'MER', 'SVT', 'N', ''),
	('SVT0031MER', 'Image Picket', 10000, 999999999, 'N', '2023-08-24', 2, 'MER', 'SVT', 'N', ''),
	('SVT0032MER', 'Acrylic Stand Keyring', 19000, 999999999, 'N', '2023-08-24', 2, 'MER', 'SVT', 'N', ''),
	('SVT0033MER', 'Official Lightstick Accessory', 12000, 999999999, 'N', '2023-08-24', 2, 'MER', 'SVT', 'N', ''),
	('SVT0034MER', 'Bongbongee Deco Kit', 16000, 999999999, 'N', '2023-08-24', 5, 'MER', 'SVT', 'N', ''),
	('SVT0035MER', 'OFFICIAL LIGHT STICK VER.3', 49000, 999999999, 'N', '2023-08-24', 3, 'MER', 'SVT', 'N', ''),
	('SVT0036MER', 'Bongbongee Cover', 20000, 999999999, 'N', '2023-08-24', 5, 'MER', 'SVT', 'N', ''),
	('SVT0037MER', 'Trading Card Set', 7000, 999999998, 'N', '2023-08-24', 10, 'MER', 'SVT', 'N', ''),
	('SVT0038MER', 'Sogo (Small Drum) Ver.2', 20000, 999999999, 'N', '2023-08-24', 4, 'MER', 'SVT', 'N', ''),
	('SVT0039MER', 'Photo Wall Pop-up Stand', 10000, 999999999, 'N', '2023-08-24', 2, 'MER', 'SVT', 'N', ''),
	('SVT0040MER', 'Trading Card Binder', 25000, 999999999, 'N', '2023-08-24', 2, 'MER', 'SVT', 'N', ''),
	('SVT0041MER', 'Official LightStick Ver.2', 39000, 999999999, 'N', '2023-08-24', 2, 'MER', 'SVT', 'N', ''),
	('SVT0042MER', 'Power Bank Ver.2', 18000, 999999999, 'N', '2023-08-24', 2, 'MER', 'SVT', 'N', ''),
	('SVT0043DVD', '2022 〈SEVENTEEN in CARAT LAND〉 MEMORY BOOK+ DVD', 45000, 999999999, 'N', '2023-08-24', 7, 'DVD', 'SVT', 'N', ''),
	('SVT0044DVD', 'SEVENTEEN WORLD TOUR [BE THE SUN] - SEOUL TOUR DIARY', 22000, 999999999, 'N', '2023-08-24', 7, 'DVD', 'SVT', 'N', ''),
	('SVT0045DVD', '2021 〈SEVENTEEN in CARAT LAND〉 MEMORY BOOK+ DVD', 42000, 999999999, 'N', '2023-08-24', 3, 'DVD', 'SVT', 'N', ''),
	('SVT0046DVD', 'PHOTOBOOK \'SOCIAL CLUB : CARAT\' AL FINE Ver.', 34000, 999999999, 'N', '2023-08-24', 2, 'DVD', 'SVT', 'N', ''),
	('SVT0047DVD', '2021 SEVENTEEN ONLINE CONCERT [IN-COMPLETE] DVD', 44000, 999999999, 'N', '2023-08-24', 3, 'DVD', 'SVT', 'N', ''),
	('SVT0048DVD', '2021 SEVENTEEN ONLINE CONCERT [IN-COMPLETE] BLU-RAY', 55000, 999999999, 'N', '2023-08-24', 3, 'DVD', 'SVT', 'N', ''),
	('SVT0049DVD', '2021 SEVENTEEN CONCERT [POWER OF LOVE] DVD', 44000, 999999999, 'N', '2023-08-24', 3, 'DVD', 'SVT', 'N', ''),
	('SVT0050DVD', 'SEVENTEEN WORLD TOUR [BE THE SUN] - SEOUL DVD & TOUR DIARY', 65500, 999999999, 'N', '2023-08-24', 4, 'DVD', 'SVT', 'N', ''),
	('TXT0001ALB', 'minisode2: Thursday\'s Child (Set)', 49200, 999999, 'N', '2023-08-24', 4, 'ALB', 'TXT', 'N', ''),
	('TXT0001DVD', 'MEMORIES : FIRST STORY', 45000, 999999, 'N', '2023-08-24', 2, 'DVD', 'TXT', 'N', ''),
	('TXT0001MEM', 'MOA MEMBERSHIP', 22000, 999998, 'N', '2023-08-24', 1, 'MEM', 'TXT', 'N', ''),
	('TXT0001MER', 'Official Light Stick', 39000, 999993, 'N', '2023-08-24', 2, 'MER', 'TXT', 'N', ''),
	('TXT0002ALB', '『Chaotic Wonderland』 Set', 64400, 999999, 'N', '2023-08-24', 4, 'ALB', 'TXT', 'N', ''),
	('TXT0002DVD', 'MEMORIES : SECOND STORY DVD', 45000, 999999, 'N', '2023-08-24', 3, 'DVD', 'TXT', 'N', ''),
	('TXT0002MEM', 'MOA MEMBERSHIP KIT', 15000, 999999, 'Y', '2023-08-24', 1, 'MEM', 'TXT', 'N', ''),
	('TXT0002MER', 'Official Light Stick Keyring', 17000, 999999, 'N', '2023-08-24', 5, 'MER', 'TXT', 'N', ''),
	('TXT0003ALB', 'The Chaos Chapter: FIGHT OR ESCAPE(TOGETHER ver.) (Set)', 22000, 999999, 'N', '2023-08-24', 10, 'ALB', 'TXT', 'N', ''),
	('TXT0003DVD', 'TOMORROW X TOGETHER MEMORIES : THIRD STORY DVD', 49000, 999999, 'N', '2023-08-24', 7, 'DVD', 'TXT', 'N', ''),
	('TXT0003MER', 'Official Light Stick Case', 22000, 999999, 'N', '2023-08-24', 5, 'MER', 'TXT', 'N', ''),
	('TXT0004ALB', 'The Chaos Chapter: FIGHT OR ESCAPE (Set)', 35800, 999999, 'N', '2023-08-24', 4, 'ALB', 'TXT', 'N', ''),
	('TXT0004DVD', 'TOMORROW X TOGETHER WORLD TOUR <ACT : LOVE SICK> IN SEOUL DVD', 47000, 999999, 'N', '2023-08-24', 10, 'DVD', 'TXT', 'N', ''),
	('TXT0004MER', 'Photo Card', 6800, 999997, 'N', '2023-08-24', 10, 'MER', 'TXT', 'N', ''),
	('TXT0005DVD', 'Season of TXT: YOUTH', 43000, 999999, 'N', '2023-08-24', 2, 'DVD', 'TXT', 'N', ''),
	('TXT0005MER', 'Photo Card 10Set', 68000, 999999, 'N', '2023-08-24', 4, 'MER', 'TXT', 'N', ''),
	('TXT0006DVD', 'Season of TXT: Midsummer', 41000, 999999, 'N', '2023-08-24', 4, 'DVD', 'TXT', 'N', ''),
	('TXT0007ALB', 'The Chaos Chapter: FREEZE (Set)', 49200, 999999, 'N', '2023-08-24', 6, 'ALB', 'TXT', 'N', ''),
	('TXT0007MER', 'Mini Photo Book', 20000, 999999, 'N', '2023-08-24', 5, 'MER', 'TXT', 'N', ''),
	('TXT0008ALB', 'Japan 1st STILL DREAMING Standard', 27600, 999999, 'N', '2023-08-24', 8, 'ALB', 'TXT', 'N', ''),
	('TXT0009ALB', 'Japan 1st STILL DREAMING Limited Edition B', 44600, 999999, 'N', '2023-08-24', 8, 'ALB', 'TXT', 'N', ''),
	('TXT0010ALB', 'Japan 1st STILL DREAMING Limited Edition A', 44600, 999999, 'N', '2023-08-24', 7, 'ALB', 'TXT', 'N', ''),
	('TXT0011ALB', 'The Dream Chapter: MAGIC', 16300, 999999, 'N', '2023-08-24', 6, 'ALB', 'TXT', 'N', ''),
	('TXT0012ALB', '『Drama』 SET', 74200, 999999, 'N', '2023-08-24', 2, 'ALB', 'TXT', 'N', ''),
	('TXT0013ALB', 'The Dream Chapter : Eternity', 16300, 999999, 'N', '2023-08-24', 6, 'ALB', 'TXT', 'N', ''),
	('TXT0014ALB', 'Japan Debut Single Magic Hour Set', 71000, 999999, 'N', '2023-08-24', 2, 'ALB', 'TXT', 'N', ''),
	('TXT0015ALB', 'The Dream Chapter: STAR', 14100, 999999, 'N', '2023-08-24', 8, 'ALB', 'TXT', 'N', ''),
	('TXT0016ALB', 'minisode1 : Blue Hour', 16400, 999999, 'N', '2023-08-24', 6, 'ALB', 'TXT', 'N', ''),
	('TXT0017ALB', '3rd JP Single 『GOOD BOY GONE BAD』 5 SET', 74000, 999999, 'N', '2023-08-24', 2, 'ALB', 'TXT', 'N', ''),
	('TXT0018ALB', 'The Name Chapter: TEMPTATION Lullaby ver. (Set)', 59000, 999999, 'N', '2023-08-24', 5, 'ALB', 'TXT', 'N', ''),
	('TXT0019ALB', 'The Name Chapter: TEMPTATION (Set)', 51000, 999999, 'N', '2023-08-24', 4, 'ALB', 'TXT', 'N', ''),
	('TXT0020ALB', 'JP 2nd Album [SWEET] 3 SET', 113800, 999999, 'N', '2023-08-24', 4, 'ALB', 'TXT', 'N', ''),
	('ZIC0001ALB', '1st Album [THINKING]', 19300, 999996, 'N', '2023-08-24', 6, 'ALB', 'ZIC', 'N', ''),
	('ZIC0001MER', 'T-Shirt (black)', 50000, 999966, 'N', '2023-08-24', 5, 'MER', 'ZIC', 'N', ''),
	('ZIC0002ALB', '3rd Mini Album [RANDOM BOX]', 26700, 999972, 'N', '2023-08-24', 6, 'ALB', 'ZIC', 'N', ''),
	('ZIC0002MER', 'Ball Cap', 42000, 999967, 'N', '2023-08-24', 5, 'MER', 'ZIC', 'N', ''),
	('ZIC0003ALB', '4th Mini Album [Grown Ass Kid]', 19300, 999999, 'N', '2023-08-24', 6, 'ALB', 'ZIC', 'N', ''),
	('ZIC0003MER', 'Pigment T-Shirt (dark grey)', 59000, 999996, 'N', '2023-08-24', 5, 'MER', 'ZIC', 'N', ''),
	('ZIC0004ALB', '4th Mini Album [Grown Ass Kid] (Jewel Ver.)', 9900, 999998, 'N', '2023-08-24', 6, 'ALB', 'ZIC', 'N', ''),
	('ZIC0005MEM', 'ZICO Membership', 22000, 999997, 'N', '2023-08-27', 1, 'MEM', 'ZIC', 'N', '');

-- 테이블 semi.t4_product_img 구조 내보내기
CREATE TABLE IF NOT EXISTS `t4_product_img` (
  `num` int NOT NULL AUTO_INCREMENT,
  `P_NO` varchar(50) CHARACTER SET utf8mb4 COLLATE utf8mb4_0900_ai_ci NOT NULL COMMENT '이름',
  `PATH` varchar(50) CHARACTER SET utf8mb4 COLLATE utf8mb4_0900_ai_ci NOT NULL COMMENT '경로',
  `IMG_TYPE` varchar(50) CHARACTER SET utf8mb4 COLLATE utf8mb4_0900_ai_ci NOT NULL COMMENT 'Y - 상품이미지 N - 상세이미지',
  PRIMARY KEY (`num`)
) ENGINE=InnoDB AUTO_INCREMENT=904 DEFAULT CHARSET=utf8mb4 COLLATE=utf8mb4_0900_ai_ci COMMENT='상품 이미지(PIMG)';

-- 테이블 데이터 semi.t4_product_img:~614 rows (대략적) 내보내기
INSERT INTO `t4_product_img` (`num`, `P_NO`, `PATH`, `IMG_TYPE`) VALUES
	(219, 'EHP0001MEM', '../img/202372444134thumb.png', 'Y'),
	(220, 'EHP0002MEM', '../img/202372444240thumb.jpg', 'Y'),
	(221, 'EHP0002MEM', '../img/202372444240.jpg', 'N'),
	(222, 'EHP0001MER', '../img/202372444339thumb.jpg', 'Y'),
	(223, 'EHP0001MER', '../img/202372444339.jpg', 'N'),
	(224, 'EHP0002MER', '../img/202372444536thumb.png', 'Y'),
	(225, 'EHP0002MER', '../img/202372444536.png', 'N'),
	(226, 'EHP0003MER', '../img/202372444614thumb.png', 'Y'),
	(227, 'EHP0003MER', '../img/202372444614.png', 'N'),
	(228, 'EHP0004ALB', '../img/202372444656thumb.png', 'Y'),
	(229, 'EHP0004ALB', '../img/202372444656.png', 'N'),
	(232, 'EHP0005MER', '../img/202372444834thumb.png', 'Y'),
	(233, 'EHP0005MER', '../img/202372444834.png', 'N'),
	(237, 'EHP0002DVD', '../img/20237244520thumb.png', 'Y'),
	(238, 'EHP0002DVD', '../img/20237244520.png', 'N'),
	(239, 'EHP0003DVD', '../img/202372445240thumb.png', 'Y'),
	(240, 'EHP0003DVD', '../img/202372445240.png', 'N'),
	(241, 'EHP0004DVD', '../img/202372445322.png', 'N'),
	(242, 'EHP0004DVD', '../img/202372445322thumb.png', 'Y'),
	(243, 'BTS0001DVD', '../img/202372445322thumb.png', 'Y'),
	(244, 'BTS0001DVD', '../img/202372445322.png', 'N'),
	(245, 'FMN0001ALB', '../img/202372445351thumb.png', 'Y'),
	(246, 'FMN0001ALB', '../img/202372445351.png', 'N'),
	(247, 'BTS0002DVD', '../img/202372445529thumb.png', 'Y'),
	(248, 'BTS0003DVD', '../img/202372445551thumb.png', 'Y'),
	(249, 'BTS0003DVD', '../img/202372445551.png', 'N'),
	(250, 'EHP0005DVD', '../img/202372445554thumb.jpg', 'Y'),
	(251, 'EHP0005DVD', '../img/202372445554.jpg', 'N'),
	(252, 'FMN0002ALB', '../img/20237244567thumb.png', 'Y'),
	(253, 'FMN0002ALB', '../img/20237244567.png', 'N'),
	(254, 'BTS0004DVD', '../img/202372445623thumb.jpg', 'Y'),
	(255, 'BTS0004DVD', '../img/202372445623.jpg', 'N'),
	(256, 'EHP0006DVD', '../img/202372445639thumb.png', 'Y'),
	(257, 'EHP0006DVD', '../img/202372445639.png', 'N'),
	(258, 'FMN0003ALB', '../img/20237244579thumb.png', 'Y'),
	(259, 'FMN0003ALB', '../img/20237244579.png', 'N'),
	(260, 'EHP0007DVD', '../img/202372445722thumb.png', 'Y'),
	(261, 'EHP0007DVD', '../img/202372445722.jpg', 'N'),
	(262, 'BTS0005DVD', '../img/202372445757thumb.JPG', 'Y'),
	(263, 'BTS0005DVD', '../img/202372445757.jpg', 'N'),
	(264, 'EHP0008DVD', '../img/20237244583thumb.png', 'Y'),
	(265, 'FMN0004ALB', '../img/202372445811thumb.png', 'Y'),
	(266, 'FMN0004ALB', '../img/202372445811.png', 'N'),
	(267, 'BTS0006DVD', '../img/202372445831thumb.jpg', 'Y'),
	(268, 'BTS0006DVD', '../img/202372445831.jpg', 'N'),
	(269, 'EHP0009DVD', '../img/202372445835thumb.png', 'Y'),
	(270, 'BTS0007DVD', '../img/20237244590thumb.png', 'Y'),
	(271, 'BTS0007DVD', '../img/20237244590.png', 'N'),
	(272, 'BTS0008DVD', '../img/202372445934thumb.png', 'Y'),
	(273, 'BTS0008DVD', '../img/202372445934.png', 'N'),
	(274, 'FMN0005ALB', '../img/202372445939thumb.png', 'Y'),
	(275, 'FMN0005ALB', '../img/202372445939.png', 'N'),
	(276, 'EHP0002ALB', '../img/20237245010thumb.png', 'Y'),
	(277, 'EHP0002ALB', '../img/20237245010.png', 'N'),
	(278, 'FMN0006ALB', '../img/20237245016thumb.png', 'Y'),
	(279, 'FMN0006ALB', '../img/20237245016.png', 'N'),
	(280, 'EHP0003ALB', '../img/20237245055thumb.png', 'Y'),
	(281, 'EHP0003ALB', '../img/20237245055.png', 'N'),
	(282, 'BTS0009DVD', '../img/2023724511.png', 'N'),
	(283, 'BTS0009DVD', '../img/2023724511thumb.png', 'Y'),
	(284, 'BTS0010DVD', '../img/20237245123thumb.png', 'Y'),
	(285, 'BTS0010DVD', '../img/20237245123.png', 'N'),
	(286, 'FMN0007ALB', '../img/20237245153thumb.png', 'Y'),
	(287, 'FMN0007ALB', '../img/20237245153.png', 'N'),
	(288, 'BTS0011DVD', '../img/20237245158.png', 'N'),
	(289, 'BTS0011DVD', '../img/20237245158thumb.png', 'Y'),
	(290, 'EHP0005ALB', '../img/2023724523thumb.png', 'Y'),
	(291, 'EHP0005ALB', '../img/2023724523.png', 'N'),
	(292, 'EHP0006ALB', '../img/20237245237thumb.png', 'Y'),
	(293, 'EHP0006ALB', '../img/20237245237.png', 'N'),
	(294, 'BTS0012DVD', '../img/20237245257thumb.jpg', 'Y'),
	(295, 'BTS0012DVD', '../img/20237245257.jpg', 'N'),
	(296, 'EHP0007ALB', '../img/20237245314thumb.png', 'Y'),
	(297, 'EHP0007ALB', '../img/20237245314.png', 'N'),
	(298, 'BTS0013DVD', '../img/20237245331thumb.png', 'Y'),
	(299, 'BTS0013DVD', '../img/20237245331.png', 'N'),
	(300, 'EHP0008ALB', '../img/2023724544thumb.png', 'Y'),
	(301, 'EHP0008ALB', '../img/2023724544.png', 'N'),
	(302, 'EHP0009ALB', '../img/20237245439thumb.png', 'Y'),
	(303, 'EHP0009ALB', '../img/20237245439.png', 'N'),
	(304, 'BTS0014DVD', '../img/20237245518thumb.jpg', 'Y'),
	(305, 'BTS0014DVD', '../img/20237245518.jpg', 'N'),
	(306, 'EHP0010ALB', '../img/20237245529thumb.png', 'Y'),
	(307, 'BTS0015DVD', '../img/20237245543thumb.jpg', 'Y'),
	(308, 'BTS0015DVD', '../img/20237245543.jpg', 'N'),
	(311, 'EHP0011ALB', '../img/20237245620thumb.jpg', 'Y'),
	(312, 'EHP0011ALB', '../img/20237245620.jpg', 'N'),
	(315, 'BTS0027DVD', '../img/2023724571thumb.jpg', 'Y'),
	(316, 'BTS0027DVD', '../img/2023724571.png', 'N'),
	(317, 'EHP0012ALB', '../img/20237245710thumb.jpg', 'Y'),
	(318, 'EHP0012ALB', '../img/20237245710.jpg', 'N'),
	(319, 'EHP0013ALB', '../img/20237245740thumb.jpg', 'Y'),
	(320, 'EHP0013ALB', '../img/20237245740.jpg', 'N'),
	(321, 'EHP0014ALB', '../img/20237245818thumb.png', 'Y'),
	(322, 'EHP0014ALB', '../img/20237245818.jpg', 'N'),
	(323, 'BTS0017DVD', '../img/20237245820thumb.png', 'Y'),
	(324, 'BTS0017DVD', '../img/20237245820.png', 'N'),
	(325, 'BTS0018DVD', '../img/2023724594thumb.jpg', 'Y'),
	(326, 'BTS0018DVD', '../img/2023724594.jpg', 'N'),
	(327, 'EHP0015ALB', '../img/20237245917thumb.jpg', 'Y'),
	(328, 'EHP0015ALB', '../img/20237245917.jpg', 'N'),
	(331, 'BTS0019DVD', '../img/20237245959thumb.jpg', 'Y'),
	(332, 'BTS0019DVD', '../img/20237245959.jpg', 'N'),
	(333, 'EHP0016ALB', '../img/20237245105thumb.jpg', 'Y'),
	(334, 'EHP0016ALB', '../img/20237245105.jpg', 'N'),
	(337, 'BTS0020DVD', '../img/202372451034thumb.png', 'Y'),
	(338, 'BTS0020DVD', '../img/202372451034.png', 'N'),
	(339, 'EHP0017ALB', '../img/202372451044thumb.png', 'Y'),
	(344, 'LSF0002MEM', '../img/202372451312thumb.png', 'Y'),
	(345, 'LSF0003MEM', '../img/202372451345thumb.png', 'Y'),
	(346, 'LSF0003MEM', '../img/202372451345.jpg', 'N'),
	(347, 'LSF0002PTB', '../img/202372451427thumb.png', 'Y'),
	(348, 'LSF0002PTB', '../img/202372451427.png', 'N'),
	(349, 'LSF0001ALB', '../img/20237245182thumb.png', 'Y'),
	(350, 'LSF0001ALB', '../img/20237245182.png', 'N'),
	(351, 'LSF0002ALB', '../img/202372451837thumb.png', 'Y'),
	(352, 'LSF0002ALB', '../img/202372451837.png', 'N'),
	(353, 'LSF0003ALB', '../img/202372451910thumb.png', 'Y'),
	(354, 'LSF0003ALB', '../img/202372451910.png', 'N'),
	(355, 'LSF0004ALB', '../img/20237245200thumb.png', 'Y'),
	(356, 'LSF0004ALB', '../img/20237245200.png', 'N'),
	(357, 'LSF0005ALB', '../img/202372452038.png', 'N'),
	(358, 'LSF0005ALB', '../img/202372452038thumb.png', 'Y'),
	(359, 'LSF0006ALB', '../img/202372452112.png', 'N'),
	(360, 'LSF0006ALB', '../img/202372452112thumb.png', 'Y'),
	(361, 'LSF0007ALB', '../img/202372452158thumb.png', 'Y'),
	(362, 'LSF0007ALB', '../img/202372452158.png', 'N'),
	(363, 'LSF0009ALB', '../img/202372452232thumb.png', 'Y'),
	(364, 'LSF0009ALB', '../img/202372452232.png', 'N'),
	(365, 'LSF0010ALB', '../img/202372452337thumb.png', 'Y'),
	(366, 'LSF0010ALB', '../img/202372452337.png', 'N'),
	(367, 'BTS0021DVD', '../img/202372452347thumb.png', 'Y'),
	(368, 'BTS0021DVD', '../img/202372452347.png', 'N'),
	(369, 'LSF0011ALB', '../img/20237245247thumb.png', 'Y'),
	(370, 'LSF0011ALB', '../img/20237245247.png', 'N'),
	(371, 'BTS0022DVD', '../img/202372452418thumb.png', 'Y'),
	(372, 'BTS0022DVD', '../img/202372452418.png', 'N'),
	(373, 'LSF0012ALB', '../img/202372452438thumb.png', 'Y'),
	(374, 'LSF0012ALB', '../img/202372452438.png', 'N'),
	(375, 'LSF0013ALB', '../img/202372452514thumb.png', 'Y'),
	(376, 'LSF0013ALB', '../img/202372452514.png', 'N'),
	(377, 'BTS0023DVD', '../img/202372452548thumb.jpg', 'Y'),
	(378, 'BTS0023DVD', '../img/202372452548.jpg', 'N'),
	(379, 'BTS0024DVD', '../img/202372452626thumb.jpg', 'Y'),
	(380, 'BTS0024DVD', '../img/202372452626.jpg', 'N'),
	(381, 'BTS0025DVD', '../img/202372452655thumb.jpg', 'Y'),
	(382, 'BTS0025DVD', '../img/202372452655.png', 'N'),
	(383, 'LSF0001MER', '../img/20237245277thumb.png', 'Y'),
	(384, 'BTS0026DVD', '../img/202372452726thumb.jpg', 'Y'),
	(385, 'LSF0002MER', '../img/202372452742thumb.png', 'Y'),
	(386, 'LSF0002MER', '../img/202372452742.png', 'N'),
	(387, 'BTS0028DVD', '../img/202372452757thumb.jpg', 'Y'),
	(388, 'BTS0028DVD', '../img/202372452757.png', 'N'),
	(389, 'LSF0003MER', '../img/202372452816thumb.png', 'Y'),
	(390, 'LSF0003MER', '../img/202372452816.png', 'N'),
	(391, 'BTS0029DVD', '../img/202372452825thumb.jpg', 'Y'),
	(392, 'BTS0029DVD', '../img/202372452825.png', 'N'),
	(393, 'LSF0004MER', '../img/20237245291thumb.png', 'Y'),
	(394, 'BTS0030DVD', '../img/20237245294.jpg', 'N'),
	(395, 'BTS0030DVD', '../img/20237245294thumb.jpg', 'Y'),
	(396, 'FMN0008ALB', '../img/202372452921.png', 'N'),
	(397, 'FMN0008ALB', '../img/202372452921thumb.png', 'Y'),
	(398, 'LSF0005MER', '../img/202372452936thumb.png', 'Y'),
	(399, 'BTS0031DVD', '../img/202372452936thumb.jpg', 'Y'),
	(400, 'BTS0031DVD', '../img/202372452936.jpg', 'N'),
	(401, 'FMN0009ALB', '../img/20237245303thumb.png', 'Y'),
	(402, 'FMN0009ALB', '../img/20237245303.png', 'N'),
	(403, 'LSF0008MER', '../img/202372453017thumb.png', 'Y'),
	(404, 'FMN0010ALB', '../img/202372453043thumb.png', 'Y'),
	(405, 'FMN0010ALB', '../img/202372453043.png', 'N'),
	(406, 'FMN0011ALB', '../img/202372453119thumb.png', 'Y'),
	(407, 'FMN0011ALB', '../img/202372453119.png', 'N'),
	(408, 'ZIC0001MER', '../img/202372453131thumb.png', 'Y'),
	(409, 'ZIC0002MER', '../img/202372453159thumb.png', 'Y'),
	(410, 'BTS0032DVD', '../img/202372453219thumb.jpg', 'Y'),
	(411, 'BTS0032DVD', '../img/202372453219.jpg', 'N'),
	(412, 'ZIC0003MER', '../img/202372453232thumb.png', 'Y'),
	(413, 'BTS0033DVD', '../img/202372453256thumb.jpg', 'Y'),
	(414, 'BTS0033DVD', '../img/202372453256.jpg', 'N'),
	(415, 'ZIC0001ALB', '../img/202372453327thumb.png', 'Y'),
	(416, 'ZIC0001ALB', '../img/202372453327.png', 'N'),
	(417, 'BTS0034DVD', '../img/202372453327thumb.jpg', 'Y'),
	(418, 'ZIC0002ALB', '../img/202372453418thumb.png', 'Y'),
	(419, 'ZIC0002ALB', '../img/202372453418.png', 'N'),
	(420, 'BTS0035DVD', '../img/202372453434thumb.jpg', 'Y'),
	(421, 'ZIC0003ALB', '../img/202372453449thumb.png', 'Y'),
	(422, 'ZIC0004ALB', '../img/202372453532thumb.png', 'Y'),
	(423, 'BTS0036DVD', '../img/20237245362.jpg', 'N'),
	(424, 'BTS0036DVD', '../img/20237245362thumb.jpg', 'Y'),
	(425, 'BTS0037DVD', '../img/20237245379.jpg', 'N'),
	(426, 'BTS0037DVD', '../img/20237245379thumb.jpg', 'Y'),
	(427, 'FMN0012ALB', '../img/202372454323.png', 'N'),
	(428, 'FMN0012ALB', '../img/202372454323thumb.png', 'Y'),
	(429, 'FMN0013ALB', '../img/202372454357thumb.png', 'Y'),
	(430, 'FMN0013ALB', '../img/202372454357.png', 'N'),
	(431, 'FMN0014ALB', '../img/20237245454thumb.png', 'Y'),
	(432, 'FMN0014ALB', '../img/20237245454.png', 'N'),
	(433, 'BTS0001ALB', '../img/202372454548thumb.png', 'Y'),
	(434, 'BTS0002ALB', '../img/202372454617thumb.png', 'Y'),
	(435, 'FMN0015ALB', '../img/202372454636thumb.png', 'Y'),
	(436, 'FMN0015ALB', '../img/202372454636.png', 'N'),
	(437, 'BTS0003ALB', '../img/202372454651thumb.png', 'Y'),
	(438, 'BTS0004ALB', '../img/202372454726thumb.png', 'Y'),
	(439, 'BTS0004ALB', '../img/202372454726.png', 'N'),
	(440, 'FMN0016ALB', '../img/20237245483thumb.png', 'Y'),
	(441, 'FMN0016ALB', '../img/20237245483.png', 'N'),
	(442, 'BTS0005ALB', '../img/202372454825thumb.png', 'Y'),
	(443, 'FMN0017ALB', '../img/202372454840thumb.png', 'Y'),
	(444, 'FMN0017ALB', '../img/202372454840.png', 'N'),
	(445, 'TXT0001MEM', '../img/202372454927thumb.png', 'Y'),
	(446, 'FMN0018MER', '../img/202372455033thumb.png', 'Y'),
	(447, 'FMN0018MER', '../img/202372455033.png', 'N'),
	(448, 'TXT0002MEM', '../img/202372455038thumb.png', 'Y'),
	(449, 'BTS0006ALB', '../img/202372455046thumb.png', 'Y'),
	(450, 'BTS0006ALB', '../img/202372455046.png', 'N'),
	(451, 'BTS0007ALB', '../img/202372455118thumb.png', 'Y'),
	(452, 'BTS0007ALB', '../img/202372455118.png', 'N'),
	(453, 'FMN0019MER', '../img/202372455137thumb.png', 'Y'),
	(454, 'FMN0019MER', '../img/202372455137.png', 'N'),
	(455, 'BTS0008ALB', '../img/202372455151thumb.png', 'Y'),
	(456, 'BTS0008ALB', '../img/202372455151.jpg', 'N'),
	(457, 'TXT0001MER', '../img/20237245523thumb.jpg', 'Y'),
	(458, 'TXT0001MER', '../img/20237245523.jpg', 'N'),
	(459, 'FMN0020MER', '../img/202372455232thumb.png', 'Y'),
	(460, 'FMN0020MER', '../img/202372455232.png', 'N'),
	(461, 'BTS0009ALB', '../img/202372455232thumb.png', 'Y'),
	(462, 'BTS0009ALB', '../img/202372455232.jpg', 'N'),
	(463, 'TXT0002MER', '../img/202372455234thumb.png', 'Y'),
	(464, 'TXT0002MER', '../img/202372455234.png', 'N'),
	(465, 'BTS0010ALB', '../img/202372455310thumb.png', 'Y'),
	(466, 'BTS0010ALB', '../img/202372455310.jpg', 'N'),
	(467, 'TXT0003MER', '../img/202372455319thumb.jpg', 'Y'),
	(468, 'TXT0003MER', '../img/202372455319.jpg', 'N'),
	(469, 'FMN0021MER', '../img/202372455332thumb.png', 'Y'),
	(470, 'FMN0021MER', '../img/202372455332.png', 'N'),
	(471, 'FMN0022MER', '../img/202372455413thumb.png', 'Y'),
	(472, 'FMN0022MER', '../img/202372455413.png', 'N'),
	(473, 'TXT0004MER', '../img/202372455426thumb.png', 'Y'),
	(474, 'TXT0004MER', '../img/202372455426.png', 'N'),
	(475, 'FMN0023MER', '../img/202372455511thumb.png', 'Y'),
	(476, 'FMN0023MER', '../img/202372455511.png', 'N'),
	(477, 'TXT0005MER', '../img/202372455520thumb.png', 'Y'),
	(478, 'TXT0005MER', '../img/202372455520.png', 'N'),
	(479, 'BTS0011ALB', '../img/202372455540.png', 'N'),
	(480, 'BTS0011ALB', '../img/202372455540thumb.png', 'Y'),
	(481, 'TXT0007MER', '../img/202372455622.png', 'N'),
	(482, 'TXT0007MER', '../img/202372455622thumb.png', 'Y'),
	(483, 'BTS0012ALB', '../img/202372455636.png', 'N'),
	(484, 'BTS0012ALB', '../img/202372455636thumb.png', 'Y'),
	(485, 'FMN0024MER', '../img/202372455759thumb.png', 'Y'),
	(486, 'FMN0024MER', '../img/202372455759.png', 'N'),
	(487, 'FMN0025MER', '../img/202372455850.png', 'N'),
	(488, 'FMN0025MER', '../img/202372455850thumb.png', 'Y'),
	(489, 'BTS0013ALB', '../img/2023724603thumb.png', 'Y'),
	(490, 'BTS0013ALB', '../img/2023724603.png', 'N'),
	(491, 'TXT0001DVD', '../img/2023724605thumb.jpg', 'Y'),
	(492, 'TXT0001DVD', '../img/2023724605.jpg', 'N'),
	(493, 'TXT0002DVD', '../img/20237246037thumb.png', 'Y'),
	(494, 'TXT0002DVD', '../img/20237246037.png', 'N'),
	(495, 'BTS0014ALB', '../img/20237246056thumb.png', 'Y'),
	(496, 'TXT0003DVD', '../img/20237246121thumb.png', 'Y'),
	(497, 'TXT0003DVD', '../img/20237246121.png', 'N'),
	(498, 'FMN0026MEM', '../img/20237246134thumb.png', 'Y'),
	(499, 'BTS0015ALB', '../img/20237246141thumb.png', 'Y'),
	(500, 'BTS0016ALB', '../img/20237246213thumb.png', 'Y'),
	(501, 'FMN0027MEM', '../img/20237246215thumb.png', 'Y'),
	(502, 'FMN0027MEM', '../img/20237246215.jpg', 'N'),
	(503, 'BTS0017ALB', '../img/20237246255thumb.png', 'Y'),
	(504, 'BTS0017ALB', '../img/20237246255.png', 'N'),
	(505, 'BTS0018ALB', '../img/20237246340thumb.png', 'Y'),
	(506, 'BTS0018ALB', '../img/20237246340.png', 'N'),
	(507, 'TXT0004DVD', '../img/20237246354thumb.png', 'Y'),
	(508, 'TXT0004DVD', '../img/20237246354.png', 'N'),
	(509, 'TXT0005DVD', '../img/20237246444thumb.png', 'Y'),
	(510, 'TXT0005DVD', '../img/20237246444.png', 'N'),
	(511, 'TXT0006DVD', '../img/20237246514thumb.png', 'Y'),
	(512, 'TXT0006DVD', '../img/20237246514.png', 'N'),
	(513, 'TXT0001ALB', '../img/20237246721thumb.png', 'Y'),
	(514, 'TXT0001ALB', '../img/20237246721.png', 'N'),
	(515, 'BTS0019ALB', '../img/20237246750thumb.png', 'Y'),
	(516, 'BTS0019ALB', '../img/20237246750.png', 'N'),
	(517, 'TXT0002ALB', '../img/2023724685thumb.png', 'Y'),
	(518, 'TXT0002ALB', '../img/2023724685.png', 'N'),
	(519, 'TXT0003ALB', '../img/20237246835thumb.jpg', 'Y'),
	(520, 'TXT0003ALB', '../img/20237246835.jpg', 'N'),
	(521, 'BTS0020ALB', '../img/20237246848thumb.png', 'Y'),
	(522, 'TXT0004ALB', '../img/2023724690.jpg', 'N'),
	(523, 'TXT0004ALB', '../img/2023724690thumb.jpg', 'Y'),
	(524, 'TXT0007ALB', '../img/20237246932thumb.jpg', 'Y'),
	(525, 'TXT0007ALB', '../img/20237246932.jpg', 'N'),
	(526, 'BTS0021ALB', '../img/20237246947thumb.png', 'Y'),
	(527, 'BTS0021ALB', '../img/20237246947.png', 'N'),
	(528, 'TXT0008ALB', '../img/202372461010thumb.jpg', 'Y'),
	(529, 'TXT0008ALB', '../img/202372461010.jpg', 'N'),
	(530, 'BTS0022ALB', '../img/202372461039thumb.png', 'Y'),
	(531, 'TXT0009ALB', '../img/202372461045thumb.jpg', 'Y'),
	(532, 'TXT0009ALB', '../img/202372461045.jpg', 'N'),
	(533, 'BTS0023ALB', '../img/20237246123thumb.jpg', 'Y'),
	(534, 'BTS0023ALB', '../img/20237246123.jpg', 'N'),
	(535, 'TXT0010ALB', '../img/202372461211thumb.jpg', 'Y'),
	(536, 'TXT0010ALB', '../img/202372461211.jpg', 'N'),
	(537, 'TXT0011ALB', '../img/202372461245thumb.jpg', 'Y'),
	(538, 'TXT0011ALB', '../img/202372461245.jpg', 'N'),
	(539, 'BTS0024ALB', '../img/202372461252.jpg', 'N'),
	(540, 'BTS0024ALB', '../img/202372461252thumb.jpg', 'Y'),
	(541, 'TXT0012ALB', '../img/202372461328thumb.jpg', 'Y'),
	(542, 'TXT0012ALB', '../img/202372461328.jpg', 'N'),
	(543, 'BTS0025ALB', '../img/202372461337thumb.jpg', 'Y'),
	(544, 'BTS0025ALB', '../img/202372461337.jpg', 'N'),
	(545, 'TXT0013ALB', '../img/20237246145thumb.jpg', 'Y'),
	(546, 'TXT0013ALB', '../img/20237246145.jpg', 'N'),
	(547, 'BTS0026ALB', '../img/202372461411thumb.jpg', 'Y'),
	(548, 'BTS0026ALB', '../img/202372461411.jpg', 'N'),
	(549, 'TXT0014ALB', '../img/202372461446thumb.jpg', 'Y'),
	(550, 'TXT0014ALB', '../img/202372461446.jpg', 'N'),
	(551, 'TXT0015ALB', '../img/202372461534thumb.jpg', 'Y'),
	(552, 'TXT0015ALB', '../img/202372461534.jpg', 'N'),
	(553, 'TXT0016ALB', '../img/20237246168thumb.jpg', 'Y'),
	(554, 'TXT0016ALB', '../img/20237246168.jpg', 'N'),
	(555, 'TXT0017ALB', '../img/202372461648.png', 'N'),
	(556, 'TXT0017ALB', '../img/202372461648thumb.png', 'Y'),
	(557, 'BTS0027ALB', '../img/202372461711thumb.jpg', 'Y'),
	(558, 'BTS0027ALB', '../img/202372461711.jpg', 'N'),
	(559, 'TXT0018ALB', '../img/202372461729thumb.png', 'Y'),
	(560, 'TXT0018ALB', '../img/202372461729.jpg', 'N'),
	(561, 'BTS0028ALB', '../img/202372461753thumb.jpg', 'Y'),
	(562, 'BTS0028ALB', '../img/202372461753.jpg', 'N'),
	(563, 'TXT0019ALB', '../img/20237246182thumb.png', 'Y'),
	(564, 'TXT0019ALB', '../img/20237246182.png', 'N'),
	(565, 'TXT0020ALB', '../img/202372461836.png', 'N'),
	(566, 'TXT0020ALB', '../img/202372461836thumb.png', 'Y'),
	(567, 'BTS0029ALB', '../img/20237246193thumb.jpg', 'Y'),
	(568, 'BTS0029ALB', '../img/20237246193.jpg', 'N'),
	(569, 'BTS0030ALB', '../img/202372461946.jpg', 'N'),
	(570, 'BTS0030ALB', '../img/202372461946thumb.jpg', 'Y'),
	(571, 'BTS0031ALB', '../img/202372462046.jpg', 'N'),
	(572, 'BTS0031ALB', '../img/202372462046thumb.jpg', 'Y'),
	(573, 'BTS0032ALB', '../img/202372462119thumb.jpg', 'Y'),
	(574, 'BTS0032ALB', '../img/202372462119.jpg', 'N'),
	(575, 'BTS0033ALB', '../img/202372462157thumb.jpg', 'Y'),
	(576, 'BTS0033ALB', '../img/202372462157.jpg', 'N'),
	(577, 'BTS0034ALB', '../img/202372462257thumb.jpg', 'Y'),
	(578, 'BTS0034ALB', '../img/202372462257.jpg', 'N'),
	(579, 'SVT0001ALB', '../img/20237246231thumb.png', 'Y'),
	(580, 'SVT0001ALB', '../img/20237246231.png', 'N'),
	(581, 'BTS0035ALB', '../img/202372462351thumb.jpg', 'Y'),
	(582, 'BTS0035ALB', '../img/202372462351.jpg', 'N'),
	(583, 'BTS0036ALB', '../img/20237246255thumb.jpg', 'Y'),
	(584, 'BTS0036ALB', '../img/20237246255.jpg', 'N'),
	(585, 'SVT0002ALB', '../img/202372462521thumb.png', 'Y'),
	(586, 'SVT0002ALB', '../img/202372462521.png', 'N'),
	(587, 'BTS0037ALB', '../img/202372462617thumb.png', 'Y'),
	(588, 'BTS0037ALB', '../img/202372462617.png', 'N'),
	(589, 'SVT0003ALB', '../img/202372462715thumb.png', 'Y'),
	(590, 'SVT0003ALB', '../img/202372462715.png', 'N'),
	(591, 'SVT0004ALB', '../img/202372462749thumb.png', 'Y'),
	(592, 'SVT0004ALB', '../img/202372462749.png', 'N'),
	(593, 'BTS0038ALB', '../img/20237246289.jpg', 'N'),
	(594, 'SVT0005ALB', '../img/202372462827thumb.png', 'Y'),
	(595, 'SVT0005ALB', '../img/202372462827.png', 'N'),
	(596, 'SVT0006ALB', '../img/202372462935thumb.png', 'Y'),
	(597, 'SVT0006ALB', '../img/202372462935.png', 'N'),
	(598, 'BTS0001MEM', '../img/202372462944thumb.png', 'Y'),
	(599, 'BTS0001MEM', '../img/202372462944.jpg', 'N'),
	(600, 'BTS0002MEM', '../img/202372463018thumb.png', 'Y'),
	(601, 'SVT0007ALB', '../img/202372463020.jpg', 'N'),
	(602, 'SVT0007ALB', '../img/202372463020thumb.jpg', 'Y'),
	(603, 'SVT0008ALB', '../img/202372463051thumb.jpg', 'Y'),
	(604, 'SVT0008ALB', '../img/202372463051.jpg', 'N'),
	(605, 'BTS0003MEM', '../img/20237246318thumb.png', 'Y'),
	(606, 'BTS0003MEM', '../img/20237246318.jpg', 'N'),
	(607, 'SVT0009ALB', '../img/202372463145.png', 'N'),
	(608, 'SVT0009ALB', '../img/202372463145thumb.png', 'Y'),
	(609, 'BTS0004MEM', '../img/202372463156thumb.png', 'Y'),
	(610, 'BTS0004MEM', '../img/202372463156.jpg', 'N'),
	(611, 'BTS0005MEM', '../img/202372463316thumb.png', 'Y'),
	(612, 'BTS0005MEM', '../img/202372463316.jpg', 'N'),
	(613, 'BTS0006MEM', '../img/202372463413thumb.png', 'Y'),
	(614, 'BTS0006MEM', '../img/202372463413.jpg', 'N'),
	(615, 'SVT0010ALB', '../img/202372463416thumb.png', 'Y'),
	(616, 'SVT0010ALB', '../img/202372463416.png', 'N'),
	(617, 'BTS0007MEM', '../img/202372463447thumb.jpg', 'Y'),
	(618, 'BTS0007MEM', '../img/202372463447.jpg', 'N'),
	(619, 'SVT0011ALB', '../img/202372463458thumb.png', 'Y'),
	(620, 'SVT0011ALB', '../img/202372463458.png', 'N'),
	(621, 'BTS0008MEM', '../img/202372463519thumb.jpg', 'Y'),
	(622, 'BTS0008MEM', '../img/202372463519.jpg', 'N'),
	(623, 'SVT0012ALB', '../img/202372463547.png', 'N'),
	(624, 'SVT0012ALB', '../img/202372463547thumb.png', 'Y'),
	(625, 'BTS0009MEM', '../img/202372463612thumb.jpg', 'Y'),
	(626, 'BTS0009MEM', '../img/202372463612.jpg', 'N'),
	(627, 'SVT0013ALB', '../img/202372463626thumb.png', 'Y'),
	(628, 'SVT0013ALB', '../img/202372463626.png', 'N'),
	(629, 'BTS0010MEM', '../img/202372463638thumb.jpg', 'Y'),
	(630, 'BTS0010MEM', '../img/202372463638.jpg', 'N'),
	(631, 'SVT0014ALB', '../img/202372463658thumb.png', 'Y'),
	(632, 'SVT0014ALB', '../img/202372463658.png', 'N'),
	(633, 'BTS0011MEM', '../img/20237246379thumb.jpg', 'Y'),
	(634, 'BTS0011MEM', '../img/20237246379.jpg', 'N'),
	(635, 'SVT0015ALB', '../img/202372463732thumb.png', 'Y'),
	(636, 'SVT0015ALB', '../img/202372463732.png', 'N'),
	(637, 'BTS0012MEM', '../img/202372463737thumb.jpg', 'Y'),
	(638, 'BTS0012MEM', '../img/202372463737.jpg', 'N'),
	(639, 'BTS0013MEM', '../img/202372463823thumb.jpg', 'Y'),
	(640, 'BTS0013MEM', '../img/202372463823.jpg', 'N'),
	(641, 'BTS0014MEM', '../img/202372463858thumb.jpg', 'Y'),
	(642, 'BTS0014MEM', '../img/202372463858.jpg', 'N'),
	(643, 'SVT0016PTB', '../img/202372463930thumb.png', 'Y'),
	(644, 'BTS0015MEM', '../img/202372463934thumb.jpg', 'Y'),
	(645, 'BTS0015MEM', '../img/202372463934.jpg', 'N'),
	(646, 'BTS0016MEM', '../img/202372464016thumb.png', 'Y'),
	(647, 'BTS0016MEM', '../img/202372464016.jpg', 'N'),
	(648, 'SVT0017PTB', '../img/202372464035thumb.png', 'Y'),
	(649, 'SVT0017PTB', '../img/202372464035.png', 'N'),
	(650, 'SVT0018PTB', '../img/202372464328thumb.png', 'Y'),
	(651, 'SVT0018PTB', '../img/202372464328.png', 'N'),
	(652, 'SVT0019PTB', '../img/202372464521thumb.png', 'Y'),
	(653, 'SVT0019PTB', '../img/202372464521.png', 'N'),
	(658, 'SVT0020PTB', '../img/202372464619thumb.png', 'Y'),
	(661, 'SVT0021PTB', '../img/202372464648thumb.png', 'Y'),
	(662, 'SVT0021PTB', '../img/202372464648.png', 'N'),
	(665, 'SVT0022PTB', '../img/202372464723thumb.png', 'Y'),
	(668, 'SVT0023PTB', '../img/20237246488thumb.png', 'Y'),
	(669, 'SVT0023PTB', '../img/20237246488.png', 'N'),
	(670, 'SVT0024PTB', '../img/202372464848thumb.png', 'Y'),
	(671, 'SVT0024PTB', '../img/202372464848.png', 'N'),
	(674, 'SVT0025PTB', '../img/202372464935thumb.png', 'Y'),
	(677, 'SVT0026PTB', '../img/20237246518thumb.png', 'Y'),
	(678, 'SVT0026PTB', '../img/20237246518.png', 'N'),
	(681, 'SVT0027PTB', '../img/202372465310thumb.png', 'Y'),
	(682, 'SVT0027PTB', '../img/202372465310.png', 'N'),
	(691, 'SVT0028MEM', '../img/202372465927thumb.png', 'Y'),
	(692, 'SVT0028MEM', '../img/202372465927.jpg', 'N'),
	(695, 'SVT0029MEM', '../img/2023724702thumb.png', 'Y'),
	(696, 'SVT0029MEM', '../img/2023724702.jpg', 'N'),
	(702, 'SVT0030MER', '../img/20237247235thumb.png', 'Y'),
	(703, 'SVT0030MER', '../img/20237247235.png', 'N'),
	(706, 'SVT0031MER', '../img/2023724738thumb.png', 'Y'),
	(707, 'SVT0031MER', '../img/2023724738.png', 'N'),
	(708, 'SVT0032MER', '../img/20237247348thumb.png', 'Y'),
	(709, 'SVT0032MER', '../img/20237247348.png', 'N'),
	(714, 'SVT0033MER', '../img/20237247433thumb.png', 'Y'),
	(715, 'SVT0033MER', '../img/20237247433.png', 'N'),
	(716, 'SVT0034MER', '../img/2023724753thumb.png', 'Y'),
	(717, 'SVT0034MER', '../img/2023724753.png', 'N'),
	(720, 'SVT0035MER', '../img/20237247538thumb.png', 'Y'),
	(721, 'SVT0035MER', '../img/20237247538.png', 'N'),
	(722, 'SVT0036MER', '../img/20237247652thumb.png', 'Y'),
	(723, 'SVT0036MER', '../img/20237247652.png', 'N'),
	(724, 'SVT0037MER', '../img/2023724782thumb.png', 'Y'),
	(725, 'SVT0037MER', '../img/2023724782.png', 'N'),
	(726, 'SVT0038MER', '../img/2023724793thumb.png', 'Y'),
	(727, 'SVT0038MER', '../img/2023724793.png', 'N'),
	(728, 'SVT0039MER', '../img/20237247940thumb.png', 'Y'),
	(729, 'SVT0039MER', '../img/20237247940.png', 'N'),
	(730, 'SVT0040MER', '../img/202372471020.png', 'N'),
	(731, 'SVT0040MER', '../img/202372471020thumb.png', 'Y'),
	(732, 'SVT0041MER', '../img/20237247110thumb.png', 'Y'),
	(733, 'SVT0041MER', '../img/20237247110.png', 'N'),
	(734, 'SVT0042MER', '../img/202372471151.png', 'N'),
	(735, 'SVT0042MER', '../img/202372471151thumb.png', 'Y'),
	(736, 'SVT0044DVD', '../img/202372494342thumb.png', 'Y'),
	(737, 'SVT0044DVD', '../img/202372494342.png', 'N'),
	(738, 'SVT0043DVD', '../img/202372494427thumb.png', 'Y'),
	(739, 'SVT0043DVD', '../img/202372494427.png', 'N'),
	(740, 'SVT0045DVD', '../img/202372494646thumb.png', 'Y'),
	(741, 'SVT0045DVD', '../img/202372494646.png', 'N'),
	(742, 'SVT0046DVD', '../img/202372494829thumb.png', 'Y'),
	(743, 'SVT0046DVD', '../img/202372494829.png', 'N'),
	(744, 'SVT0047DVD', '../img/202372494920thumb.png', 'Y'),
	(745, 'SVT0047DVD', '../img/202372494920.png', 'N'),
	(746, 'SVT0048DVD', '../img/20237249508thumb.png', 'Y'),
	(747, 'SVT0048DVD', '../img/20237249508.png', 'N'),
	(748, 'SVT0049DVD', '../img/202372495112thumb.png', 'Y'),
	(749, 'SVT0049DVD', '../img/202372495112.png', 'N'),
	(750, 'SVT0050DVD', '../img/202372495221thumb.png', 'Y'),
	(751, 'SVT0050DVD', '../img/202372495221.png', 'N'),
	(752, 'BND0001ALB', '../img/202372593531thumb.png', 'Y'),
	(753, 'BND0001ALB', '../img/202372593531.png', 'N'),
	(754, 'BND0002ALB', '../img/202372593632thumb.png', 'N'),
	(755, 'BND0003ALB', '../img/202372593711thumb.png', 'Y'),
	(756, 'BND0004ALB', '../img/202372593757thumb.png', 'Y'),
	(759, 'BND0005ALB', '../img/20237259394thumb.png', 'Y'),
	(760, 'BND0005ALB', '../img/20237259394.png', 'N'),
	(761, 'BND0006ALB', '../img/202372593939thumb.png', 'Y'),
	(762, 'BND0006ALB', '../img/202372593939.png', 'N'),
	(763, 'BND0007ALB', '../img/202372594022thumb.png', 'Y'),
	(764, 'BND0007ALB', '../img/202372594022.png', 'N'),
	(765, 'BND0008ALB', '../img/20237259417thumb.png', 'Y'),
	(766, 'BND0008ALB', '../img/20237259417.png', 'N'),
	(767, 'NJS0001MEM', '../img/202372594219thumb.png', 'Y'),
	(768, 'NJS0001MEM', '../img/202372594219.jpg', 'N'),
	(769, 'NJS0002MEM', '../img/202372594258thumb.png', 'Y'),
	(770, 'NJS0002MEM', '../img/202372594258.jpg', 'N'),
	(771, 'NJS0003MEM', '../img/202372594343thumb.png', 'Y'),
	(772, 'NJS0003MEM', '../img/202372594343.jpg', 'N'),
	(773, 'NJS0001MER', '../img/202372594519thumb.png', 'Y'),
	(774, 'NJS0002MER', '../img/202372594635thumb.png', 'Y'),
	(775, 'NJS0003MER', '../img/20237259478thumb.png', 'Y'),
	(776, 'NJS0004MER', '../img/202372594757thumb.png', 'Y'),
	(777, 'NJS0005MER', '../img/202372594833thumb.png', 'Y'),
	(778, 'NJS0006MER', '../img/202372594855thumb.png', 'Y'),
	(779, 'NJS0008MER', '../img/202372594921thumb.png', 'Y'),
	(780, 'NJS0009MER', '../img/202372594959thumb.png', 'Y'),
	(781, 'NJS0009MER', '../img/202372594959.png', 'N'),
	(782, 'NJS0010MER', '../img/202372595032thumb.png', 'Y'),
	(783, 'NJS0011MER', '../img/202372595121thumb.png', 'Y'),
	(784, 'NJS0011MER', '../img/202372595121.png', 'N'),
	(785, 'NJS0012MER', '../img/202372595230thumb.png', 'Y'),
	(786, 'NJS0012MER', '../img/202372595230.png', 'N'),
	(787, 'NJS0013MER', '../img/202372595322thumb.png', 'Y'),
	(788, 'NJS0001PTB', '../img/202372595357thumb.png', 'Y'),
	(789, 'NJS0001ALB', '../img/202372595442thumb.png', 'Y'),
	(790, 'NJS0002ALB', '../img/20237259559thumb.png', 'Y'),
	(791, 'NJS0003ALB', '../img/202372595637thumb.png', 'Y'),
	(792, 'NJS0003ALB', '../img/202372595637.png', 'N'),
	(793, 'NJS0004ALB', '../img/202372595711thumb.png', 'Y'),
	(794, 'NJS0004ALB', '../img/202372595711.png', 'N'),
	(795, 'NJS0005ALB', '../img/20237259583thumb.png', 'Y'),
	(796, 'NJS0006ALB', '../img/202372595835thumb.png', 'Y'),
	(797, 'NJS0007ALB', '../img/20237259592thumb.png', 'Y'),
	(807, 'BTS0001PTB', '../img/202372545620thumb.png', 'Y'),
	(808, 'BTS0001PTB', '../img/202372545620.png', 'N'),
	(809, 'BTS0002PTB', '../img/202372545653thumb.png', 'Y'),
	(810, 'BTS0002PTB', '../img/202372545653.png', 'N'),
	(811, 'BTS0003PTB', '../img/202372545745.png', 'N'),
	(812, 'BTS0003PTB', '../img/202372545745thumb.png', 'Y'),
	(813, 'BTS0004PTB', '../img/202372545857thumb.png', 'Y'),
	(814, 'BTS0004PTB', '../img/202372545857.png', 'N'),
	(815, 'BTS0005PTB', '../img/202372545925thumb.png', 'Y'),
	(816, 'BTS0005PTB', '../img/202372545925.png', 'N'),
	(817, 'BTS0007PTB', '../img/2023725507thumb.png', 'Y'),
	(818, 'BTS0007PTB', '../img/2023725507.png', 'N'),
	(819, 'BTS0008PTB', '../img/20237255052thumb.png', 'Y'),
	(820, 'BTS0008PTB', '../img/20237255052.png', 'N'),
	(821, 'BTS0009PTB', '../img/20237255133thumb.png', 'Y'),
	(822, 'BTS0009PTB', '../img/20237255133.png', 'N'),
	(823, 'BTS0010PTB', '../img/20237255214thumb.png', 'Y'),
	(824, 'BTS0011PTB', '../img/20237255249thumb.png', 'Y'),
	(825, 'BTS0011PTB', '../img/20237255249.png', 'N'),
	(826, 'BTS0012PTB', '../img/20237255316thumb.png', 'Y'),
	(827, 'BTS0012PTB', '../img/20237255316.png', 'N'),
	(828, 'BTS0013PTB', '../img/20237255414thumb.JPG', 'Y'),
	(829, 'BTS0013PTB', '../img/20237255414.JPG', 'N'),
	(830, 'BTS0014PTB', '../img/2023725552thumb.jpg', 'Y'),
	(831, 'BTS0014PTB', '../img/2023725552.jpg', 'N'),
	(832, 'BTS0015PTB', '../img/20237255746thumb.jpg', 'Y'),
	(833, 'BTS0015PTB', '../img/20237255746.jpg', 'N'),
	(834, 'ZIC0001MER', '../img/ZIC0001MER.png', 'N'),
	(835, 'ZIC0002MER', '../img/ZIC0003MER.png', 'N'),
	(836, 'ZIC0003MER', '../img/ZIC0002MER.png', 'N'),
	(837, 'ZIC0003ALB', '../img/ZIC0003ALB.png', 'N'),
	(838, 'ZIC0004ALB', '../img/ZIC0004ALB.png', 'N'),
	(839, 'BND0002ALB', '../img/BND0002ALB.png', 'Y'),
	(840, 'BND0003ALB', '../img/BND0003ALB.png', 'N'),
	(841, 'BND0004ALB', '../img/BND0004ALB.png', 'N'),
	(842, 'EHP0001MEM', '../img/EHP0001MEM.jpg', 'N'),
	(843, 'EHP0008DVD', '../img/EHP0008DVD.png', 'N'),
	(844, 'EHP0009DVD', '../img/EHP0009DVD.jpg', 'N'),
	(845, 'EHP0010ALB', '../img/EHP0010ALB.png', 'N'),
	(846, 'EHP0017ALB', '../img/EHP0017ALB.png', 'N'),
	(847, 'LSF0001MER', '../img/LSF0001MER.png', 'N'),
	(848, 'TXT0001MEM', '../img/TXT0001MEM.jpg', 'N'),
	(849, 'TXT0002MEM', '../img/TXT0002MEM.jpg', 'N'),
	(850, 'FMN0026MEM', '../img/FMN0026MEM.jpg', 'N'),
	(852, 'NJS0002MER', '../img/NJS0002MER.png', 'N'),
	(853, 'NJS0003MER', '../img/NJS0003MER.png', 'N'),
	(854, 'NJS0004MER', '../img/NJS0004MER.png', 'N'),
	(855, 'NJS0005MER', '../img/NJS0005MER.png', 'N'),
	(856, 'NJS0006MER', '../img/NJS0005MER.png', 'N'),
	(857, 'NJS0008MER', '../img/NJS0008MER.png', 'N'),
	(858, 'NJS0010MER', '../img/NJS0010MER.png', 'N'),
	(859, 'NJS0013MER', '../img/NJS0013MER.png', 'N'),
	(860, 'NJS0001PTB', '../img/NJS0001PTB.png', 'N'),
	(861, 'NJS0001ALB', '../img/NJS0001ALB.png', 'N'),
	(862, 'NJS0002ALB', '../img/NJS0002ALB.png', 'N'),
	(863, 'NJS0005ALB', '../img/NJS0005ALB.jpg', 'N'),
	(864, 'NJS0006ALB', '../img/NJS0006ALB.png', 'N'),
	(865, 'NJS0007ALB', '../img/NJS0007ALB.png', 'N'),
	(866, 'BTS0001MER', '../img/202372721756thumb.png', 'Y'),
	(867, 'BTS0001MER', '../img/202372721756.png', 'N'),
	(868, 'BTS0002MER', '../img/202372721824thumb.png', 'Y'),
	(869, 'BTS0002MER', '../img/202372721824.png', 'N'),
	(870, 'BTS0004MER', '../img/202372722332thumb.png', 'Y'),
	(871, 'BTS0004MER', '../img/202372722332.png', 'N'),
	(872, 'BTS0006MER', '../img/20237272258thumb.png', 'Y'),
	(873, 'BTS0006MER', '../img/20237272258.png', 'N'),
	(874, 'BTS0007MER', '../img/20237272279thumb.jpg', 'Y'),
	(875, 'BTS0007MER', '../img/20237272279.jpg', 'N'),
	(876, 'BTS0008MER', '../img/202372722832thumb.png', 'Y'),
	(877, 'BTS0008MER', '../img/202372722832.png', 'N'),
	(878, 'BTS0009MER', '../img/202372722858thumb.png', 'Y'),
	(879, 'BTS0009MER', '../img/202372722858.png', 'N'),
	(880, 'BTS0010MER', '../img/202372722932thumb.png', 'Y'),
	(881, 'BTS0011MER', '../img/20237272300.png', 'N'),
	(882, 'BTS0011MER', '../img/20237272300thumb.png', 'Y'),
	(883, 'BTS0012MER', '../img/202372723039thumb.jpg', 'Y'),
	(884, 'BTS0012MER', '../img/202372723039.jpg', 'N'),
	(885, 'BTS0015MER', '../img/202372723149.png', 'N'),
	(886, 'BTS0015MER', '../img/202372723149thumb.png', 'Y'),
	(887, 'BTS0016PTB', '../img/202372723215thumb.png', 'Y'),
	(888, 'BTS0016PTB', '../img/202372723215.png', 'N'),
	(889, 'BTS0017PTB', '../img/202372723243.jpg', 'N'),
	(890, 'BTS0017PTB', '../img/202372723243thumb.jpg', 'Y'),
	(891, 'BTS0018MER', '../img/202372723411thumb.jpg', 'Y'),
	(892, 'BTS0018MER', '../img/202372723411.jpg', 'N'),
	(893, 'BND0009MEM', '../img/202372735042thumb.jpg', 'Y'),
	(894, 'BND0009MEM', '../img/202372735042.png', 'N'),
	(898, 'ZIC0005MEM', '../img/20237274547thumb.jpg', 'Y'),
	(899, 'ZIC0005MEM', '../img/20237274547.png', 'N'),
	(900, 'SVT0333PTB', '../img/202372945413.jpg', 'N'),
	(901, 'SVT0333PTB', '../img/202372945413thumb.jpg', 'Y'),
	(902, 'BTS1234PTB', '../img/202373042032thumb.jfif', 'Y'),
	(903, 'BTS1234PTB', '../img/202373042032.png', 'N');

-- 테이블 semi.t4_staff 구조 내보내기
CREATE TABLE IF NOT EXISTS `t4_staff` (
  `S_NAME` varchar(20) NOT NULL COMMENT '이름',
  `S_NO` varchar(10) NOT NULL COMMENT '사번',
  `S_PHONE` varchar(20) DEFAULT NULL COMMENT '직통 연락처',
  `S_PART` varchar(20) NOT NULL COMMENT '부서',
  `S_POSITION` char(1) NOT NULL COMMENT '권한',
  `S_BOSS` varchar(10) CHARACTER SET utf8mb4 COLLATE utf8mb4_0900_ai_ci DEFAULT NULL COMMENT '관리자(상사)'
) ENGINE=InnoDB DEFAULT CHARSET=utf8mb4 COLLATE=utf8mb4_0900_ai_ci COMMENT='사원(S)';

-- 테이블 데이터 semi.t4_staff:~9 rows (대략적) 내보내기
INSERT INTO `t4_staff` (`S_NAME`, `S_NO`, `S_PHONE`, `S_PART`, `S_POSITION`, `S_BOSS`) VALUES
	('김아지', '19981020MM', '01012341234', '이사', 'M', '윤나연'),
	('윤나연', '19961122MM', '01012341234', '이사', 'M', ''),
	('신동환', '19970810MM', '01012341234', '이사', 'M', '윤나연'),
	('한나라', '19970919MM', '01012341234', '이사', 'M', '윤나연'),
	('여대현', '19940823MM', '01012341234', '이사', 'M', '윤나연'),
	('11', '12345678AA', '1234', '고객관리팀', 'A', ''),
	('22', '12345678BB', '1234', '배송관리팀', 'B', ''),
	('33', '12345678CC', '1234', '민원관리팀', 'C', ''),
	('TEST', '123', '010333333', '고객관리팀', 'A', '');

-- 테이블 semi.t4_user 구조 내보내기
CREATE TABLE IF NOT EXISTS `t4_user` (
  `U_ID` varchar(20) CHARACTER SET utf8mb4 COLLATE utf8mb4_0900_ai_ci NOT NULL COMMENT '아이디',
  `U_PW` varchar(20) CHARACTER SET utf8mb4 COLLATE utf8mb4_0900_ai_ci NOT NULL COMMENT '비밀번호',
  `U_SMSYN` char(5) CHARACTER SET utf8mb4 COLLATE utf8mb4_0900_ai_ci NOT NULL DEFAULT 'N' COMMENT 'SMS 수신동의 ',
  `U_NAME` varchar(20) CHARACTER SET utf8mb4 COLLATE utf8mb4_0900_ai_ci NOT NULL COMMENT '이름',
  `U_NAME2` varchar(20) CHARACTER SET utf8mb4 COLLATE utf8mb4_0900_ai_ci NOT NULL COMMENT '별명',
  `U_PHONE` varchar(15) CHARACTER SET utf8mb4 COLLATE utf8mb4_0900_ai_ci NOT NULL COMMENT '전화번호 1',
  `U_POINT` int NOT NULL DEFAULT '0' COMMENT '포인트',
  `U_MEMBERSHIP` char(1) DEFAULT NULL COMMENT '맴버십여부',
  `U_CNT` varchar(5) DEFAULT NULL COMMENT '비밀번호 오류 횟수',
  `JOINDATE` datetime NOT NULL COMMENT '가입일',
  `U_EMAIL` varchar(50) CHARACTER SET utf8mb4 COLLATE utf8mb4_0900_ai_ci NOT NULL COMMENT '이메일 ',
  `G_ARTIST` varchar(20) CHARACTER SET utf8mb4 COLLATE utf8mb4_0900_ai_ci DEFAULT NULL COMMENT '아티스트 이름 - 관리자 설정',
  `PROFILE` varchar(500) CHARACTER SET utf8mb4 COLLATE utf8mb4_0900_ai_ci DEFAULT NULL COMMENT '사용자프로필',
  PRIMARY KEY (`U_ID`)
) ENGINE=InnoDB DEFAULT CHARSET=utf8mb4 COLLATE=utf8mb4_0900_ai_ci COMMENT='사용자 ';

-- 테이블 데이터 semi.t4_user:~58 rows (대략적) 내보내기
INSERT INTO `t4_user` (`U_ID`, `U_PW`, `U_SMSYN`, `U_NAME`, `U_NAME2`, `U_PHONE`, `U_POINT`, `U_MEMBERSHIP`, `U_CNT`, `JOINDATE`, `U_EMAIL`, `G_ARTIST`, `PROFILE`) VALUES
	('123', 'q1!', 'Y', '123', '123', '010-1231-1231', 0, 'N', '0', '2023-08-26 23:23:04', 'din@nae.com', NULL, '../../img/Artist/new.jpg'),
	('aaa111', '1234', 'Y', '방시혁', '시혁찌', '01012341234', 0, 'Y', '0', '2023-08-29 09:37:45', 'asdf@naver.com', NULL, 'https://image.idus.com/image/files/3c589c029d9447d797d85b583c5fe822_720.jpg'),
	('aaa222', 'Asdf123!', 'Y', '테스트', 'ㅇ', '01012341234', 0, 'N', '0', '2023-08-29 10:05:25', 'asfwf@naver.com', NULL, 'https://image.idus.com/image/files/21e9ae9b65fd4fcf9d87c1ecb6c85a5d_720.jpg'),
	('admin', 'admin', 'Y', '관리자', '관리자', '01000000000', 97553799, 'Y', '0', '2023-08-17 16:12:25', '', NULL, '../../img/Artist/new.jpg'),
	('Artist_BND', '123', 'N', '보이넥스트도어', '보이넥스트도어', '01033334444', 0, 'Y', '0', '2023-08-27 15:05:13', 'bnd@naver,com', 'Y', NULL),
	('Artist_BTS', '123', 'N', '방탄소년단', '방탄소년단', '01011111', 0, 'Y', '0', '2023-08-10 15:24:20', 'bts', 'Y', NULL),
	('Artist_EHP', '123', 'N', '엔하이픈', '엔하이픈', '01033334444', 0, 'Y', '0', '2023-08-27 15:04:27', 'ehp@naver,com', 'Y', NULL),
	('Artist_FMN', '123', 'N', '프로미스나인', '프로미스나인', '01033334444', 0, 'Y', '0', '2023-08-27 15:03:36', 'fmn@naver,com', 'Y', NULL),
	('Artist_LSF', '123', 'N', '르세라핌', '르세라핌', '01033334444', 0, 'Y', '0', '2023-08-27 15:02:39', 'lsf@naver,com', 'Y', NULL),
	('Artist_NJS', '123', 'Y', '뉴진스', '뉴진스', '01055555555', 0, 'Y', '0', '2023-08-27 14:52:16', 'NJS@naver.com', 'Y', 'https://image.idus.com/image/files/21e9ae9b65fd4fcf9d87c1ecb6c85a5d_720.jpg'),
	('Artist_SVT', '123', 'N', '세븐틴', '세븐틴', '01033334444', 0, 'Y', '0', '2023-08-27 15:03:13', 'svt@naver,com', 'Y', NULL),
	('Artist_TXT', '123', 'N', '투모로우바이투게더', '투바투', '01033334444', 0, 'Y', '0', '2023-08-27 15:03:57', 'txt@naver,com', 'Y', NULL),
	('Artist_ZIC', '123', 'N', '지코', '지코', '01033334444', 0, 'Y', '0', '2023-08-27 15:05:34', 'zico@naver,com', 'Y', NULL),
	('dbdb', '1122', 'true', '여대', '여댇', '0102222', 0, 'N', '0', '0000-00-00 00:00:00', '101011', NULL, NULL),
	('dcsdsd', '11', 'Y', 'sdsd', 'sdsd', '0103333', 0, 'N', '0', '0000-00-00 00:00:00', 'sdsd', NULL, NULL),
	('dcsdsd3', '11', 'Y', 'sdsd', '대대', '0104444', 123, 'N', '0', '0000-00-00 00:00:00', 'sdsd', NULL, NULL),
	('dcsdsd34', '11', 'Y', 'sdsd', 'sdsd', '0105555', 0, 'N', '0', '0000-00-00 00:00:00', 'sdsd', NULL, NULL),
	('dd', 'q1!', 'Y', 'ddff', 'difn', '01012345615', 0, 'N', '0', '2023-08-29 11:38:16', 'sdinf@naver.com', NULL, 'https://png.pngtree.com/png-clipart/20220112/ourmid/pngtree-cartoon-hand-drawn-default-avatar-png-image_4154232.png'),
	('ddd', 'ddd1!', 'Y', '이이', 'dldl', '010-4811-1511', 200, 'N', '0', '2023-08-26 23:36:53', 'din@naver.com', NULL, 'https://image.idus.com/image/files/3c589c029d9447d797d85b583c5fe822_720.jpg'),
	('dlwotmd', 'dlwotmd1!', 'Y', '이재승', '냥스크', '01072397113', 0, 'N', '0', '2023-08-27 13:48:20', 'dlwotmd@naver.com', NULL, 'https://image.idus.com/image/files/21e9ae9b65fd4fcf9d87c1ecb6c85a5d_720.jpg'),
	('dsdsd', '11', '', 'sdsd', 'sdsd', '0107777', 0, 'N', '0', '0000-00-00 00:00:00', 'sdsd', NULL, NULL),
	('dudu', '1122', 'true', '여대현', '여대', '0108888', 0, 'N', '0', '0000-00-00 00:00:00', 'dfdskl', NULL, NULL),
	('dueo', '1122', 'true', '여대현', '여대', '0109999', 200, 'N', '0', '0000-00-00 00:00:00', 'dsmklcsm', NULL, NULL),
	('dueogus', 'du1!', 'Y', '여대', '여모씨', '010-7239-7113', 0, 'N', '0', '2023-08-18 11:59:40', 'happy@naver.com', NULL, NULL),
	('dueogus1', 'dueogus1!', 'Y', '여대현', '냥스크', '010-7239-7113', 0, 'N', '0', '2023-08-27 13:42:42', 'happy940823@naver.com', NULL, 'https://image.idus.com/image/files/3c589c029d9447d797d85b583c5fe822_720.jpg'),
	('ee', 'qwe123!', 'Y', '남자', '남', '010-5555-5555', 0, 'N', '4', '2023-08-26 23:21:34', 'duibf@naver.co', NULL, 'https://image.idus.com/image/files/3c589c029d9447d797d85b583c5fe822_720.jpg'),
	('eee', 'e1!', 'Y', 'dd', 'efibsef', '01056165422', 0, 'N', '0', '2023-08-27 22:58:10', 'dfik@naver.com', NULL, 'https://png.pngtree.com/png-clipart/20220112/ourmid/pngtree-cartoon-hand-drawn-default-avatar-png-image_4154232.png'),
	('ff', '1234', 'Y', '남', '남', '010-1234-1234', 0, 'N', '4', '2023-08-26 23:25:48', 'ein@naver.com', NULL, 'https://image.idus.com/image/files/21e9ae9b65fd4fcf9d87c1ecb6c85a5d_720.jpg'),
	('fff', 'fff1!', 'Y', '얄루', 'dinf', '010-4744-4744', 0, 'N', '1', '2023-08-26 23:37:30', 'diunf@naver.com', NULL, 'https://png.pngtree.com/png-clipart/20220112/ourmid/pngtree-cartoon-hand-drawn-default-avatar-png-image_4154232.png'),
	('gdfvdv', '11', '', 'dsdsd', 'sdsds', '0100111', 0, 'N', '0', '0000-00-00 00:00:00', 'dsd', NULL, NULL),
	('gksskfk', 'sk1!', 'Y', '한나라', '힌니리', '01072397111', 0, 'N', '0', '2023-08-18 10:27:26', 'happy45645@naver.com', NULL, NULL),
	('happy0823', '112233', 'Y', '여대현', '여대', '0100222', 0, 'N', '6', '0000-00-00 00:00:00', 'happy4454', NULL, NULL),
	('happy10823', '112233', 'Y', '여대현', '여대', '0100333', 0, 'N', '0', '0000-00-00 00:00:00', 'happy4454', NULL, NULL),
	('qwer123', 'qwer123$', 'N', '김남길', '김남길', '01088124472', 0, 'Y', '0', '2023-08-27 19:00:19', 'nts0101@naver.com', NULL, 'https://image.idus.com/image/files/3c589c029d9447d797d85b583c5fe822_720.jpg'),
	('sdsd', '11', '', 'sdsd', 'sds', '0100444', 0, 'N', '5', '0000-00-00 00:00:00', 'sds', NULL, NULL),
	('sdsds', '11', '', 'sdsd', 'sdsd', '0100555', 0, 'N', '0', '0000-00-00 00:00:00', 'sdds', NULL, NULL),
	('sdsdsdsd', '11', 'Y', 'sdsd', 'sdsd', '0100666', 0, 'N', '0', '0000-00-00 00:00:00', 'ds', NULL, NULL),
	('sfmsfkl', '1122', 'Y', 'dsdsd', 'dssdd', '0100777', 0, 'N', '0', '0000-00-00 00:00:00', 'sdsdsd', NULL, NULL),
	('skfk', '11', '', '한나라', '한한', '01012345678', 0, 'N', '0', '2023-08-17 10:51:16', 'skfk', NULL, '../../img/Artist/dog.jpg'),
	('teee', 'q1!', 'Y', '동', '동동', '010-5555-5555', 0, 'N', '0', '2023-08-26 22:38:25', 'eet@dnisel.com', NULL, 'https://png.pngtree.com/png-clipart/20220112/ourmid/pngtree-cartoon-hand-drawn-default-avatar-png-image_4154232.png'),
	('test', 'dueogus1!', 'Y', '여대현', '테티테스트', '01008882222', 0, 'Y', '0', '2023-08-10 12:09:35', 'sddd', NULL, '../../img/Artist/txt.jpg'),
	('test1', '1111', 'N', 'test1', 'test', '01011111111', 854499, 'Y', '1', '2023-08-21 17:11:29', 'test', NULL, '../../img/Artist/dog.jpg'),
	('test12', 'test123!', 'Y', '테스트', 'test', '01012345678', 0, 'N', '0', '2023-08-30 12:01:08', 'einf@naver.com', NULL, 'https://image.idus.com/image/files/3c589c029d9447d797d85b583c5fe822_720.jpg'),
	('test123', 'a123!', 'Y', '테스트', '테스트', '01039232323', 0, 'N', '0', '2023-08-29 15:01:04', 'skdssdsd@nnnb.com', NULL, 'https://image.idus.com/image/files/21e9ae9b65fd4fcf9d87c1ecb6c85a5d_720.jpg'),
	('test2', '111', 'Y', 'test', 'test', '111', 0, 'N', '0', '2023-08-14 09:48:19', 'test@naver.com', NULL, NULL),
	('test3', '111', 'Y', 'test', 'tes', 'tset', 0, 'N', '0', '2023-08-14 09:48:43', 'tset', NULL, NULL),
	('test4', '11', 'Y', 'test', 'test', 'test', 0, 'N', '0', '2023-08-14 09:51:37', 'tset', NULL, NULL),
	('test5', '11', 'Y', 'tsey', 'tes', '11', 0, 'N', '1', '2023-08-14 09:55:08', '111', NULL, NULL),
	('test6', '11', 'Y', 'test', '11', '11', 0, 'N', '0', '2023-08-14 09:56:37', '11', NULL, NULL),
	('test99', 'test1!', 'N', 'test', '테스트', '01012345678', 0, 'N', '0', '2023-08-30 12:58:38', 'eifn@na.com', NULL, '../../img/Artist/new.jpg'),
	('testt123', 'a123!', 'Y', '여대현', '귀여미', '01023232323', 0, 'N', '0', '2023-08-29 16:36:16', 'dueo@naver.com', NULL, 'https://image.idus.com/image/files/3c589c029d9447d797d85b583c5fe822_720.jpg'),
	('testtest', '11', 'Y', 'test', '여치', '01077777111', 0, 'N', '0', '2023-08-14 17:46:15', 'gmdkgmk', NULL, NULL),
	('ttt', '123', 'Y', '여대현시집중하세요', '집중', '010555444', 0, 'Y', '0', '2023-08-17 17:10:32', 'wlqwnd123@naver.co,', NULL, NULL),
	('tty', 'q1!', 'Y', 'qqqq', 'qqq', '010-4444-5555', 0, 'N', '0', '2023-08-26 23:04:50', 'eub@baver.coinm', NULL, 'https://png.pngtree.com/png-clipart/20220112/ourmid/pngtree-cartoon-hand-drawn-default-avatar-png-image_4154232.png'),
	('uu', 'u1!', 'Y', 'u', 'u', '010-7414-7414', 0, 'N', '0', '2023-08-26 23:09:39', 'tx@b.lcom', NULL, 'https://image.idus.com/image/files/21e9ae9b65fd4fcf9d87c1ecb6c85a5d_720.jpg'),
	('veryperi', 'dueo1!', 'Y', '여대현', '여대', '01072397113', 0, 'N', '0', '2023-08-30 11:46:04', 'happy940823@naver.com', NULL, 'https://image.idus.com/image/files/3c589c029d9447d797d85b583c5fe822_720.jpg'),
	('yy', 'yy1!', 'Y', 'yy', 'yy', '010-7444-4747', 0, 'N', '0', '2023-08-26 23:08:32', '3in@naelr.com', NULL, '../../img/Artist/new.jpg'),
	('yyyy', 'q1!', 'Y', 'yy', 'yy', '010-4564-4564', 0, 'N', '0', '2023-08-26 23:28:27', 'dinf@nae.coi', NULL, 'https://image.idus.com/image/files/21e9ae9b65fd4fcf9d87c1ecb6c85a5d_720.jpg');

-- 테이블 semi.t4_user_point 구조 내보내기
CREATE TABLE IF NOT EXISTS `t4_user_point` (
  `O_NO` varchar(20) CHARACTER SET utf8mb4 COLLATE utf8mb4_0900_ai_ci NOT NULL COMMENT 'USER ID JOIN',
  `POINT` int NOT NULL DEFAULT '0' COMMENT '포인트',
  `USEPOINT` int DEFAULT '0' COMMENT '사용한 포인트',
  `REPOINT` int DEFAULT '0' COMMENT '환불 포인트',
  `PODATA` datetime NOT NULL COMMENT '적립날'
) ENGINE=InnoDB DEFAULT CHARSET=utf8mb4 COLLATE=utf8mb4_0900_ai_ci COMMENT='사용자 포인트  /  테이블 구매유저 조인 ';

-- 테이블 데이터 semi.t4_user_point:~58 rows (대략적) 내보내기
INSERT INTO `t4_user_point` (`O_NO`, `POINT`, `USEPOINT`, `REPOINT`, `PODATA`) VALUES
	('65154615', 1000, 10, 0, '2023-08-17 09:52:52'),
	('169226311', 222, 23, 0, '2023-08-21 10:20:03'),
	('1692263113', 444, 111, 0, '2023-08-21 10:20:22'),
	('1692263227', 333, 21, 0, '2023-08-21 10:22:06'),
	('1692263241', 12, 0, 0, '2023-08-21 11:55:18'),
	('1692614461', 1860, 0, 0, '2023-08-26 13:58:29'),
	('1693103622189', 0, 10000, 0, '2023-08-27 11:33:43'),
	('1693105699130', 0, 12000, 0, '2023-08-27 12:08:20'),
	('1693105946462', 0, 12000, 0, '2023-08-27 12:12:28'),
	('1693106000243', 0, 12000, 0, '2023-08-27 12:13:30'),
	('1693116790930', 0, 11000, 0, '2023-08-27 15:13:12'),
	('1693116791872', 0, 11000, 0, '2023-08-27 15:13:13'),
	('1693116794594', 0, 11000, 0, '2023-08-27 15:13:16'),
	('1693116795336', 0, 11000, 0, '2023-08-27 15:13:16'),
	('1693116795704', 0, 11000, 0, '2023-08-27 15:13:17'),
	('1693116796266', 0, 11000, 0, '2023-08-27 15:13:17'),
	('1693116796450', 0, 11000, 0, '2023-08-27 15:13:17'),
	('1693116796633', 0, 11000, 0, '2023-08-27 15:13:18'),
	('1693116796821', 0, 11000, 0, '2023-08-27 15:13:18'),
	('1693116797022', 0, 11000, 0, '2023-08-27 15:13:18'),
	('1693116797221', 0, 11000, 0, '2023-08-27 15:13:18'),
	('1693116797221', 0, 11000, 0, '2023-08-27 15:13:18'),
	('1693116797611', 0, 11000, 0, '2023-08-27 15:13:18'),
	('1693116797775', 0, 11000, 0, '2023-08-27 15:13:19'),
	('1693116797775', 0, 11000, 0, '2023-08-27 15:13:19'),
	('1693116801577', 0, 11000, 0, '2023-08-27 15:13:23'),
	('1693116801899', 0, 11000, 0, '2023-08-27 15:13:23'),
	('1693117031704', 0, 11000, 0, '2023-08-27 15:17:13'),
	('1693120089459', 0, 320999, 0, '2023-08-27 16:08:11'),
	('1693126195302', 0, 22000, 0, '2023-08-27 17:49:56'),
	('1693185254212', 0, 14800, 0, '2023-08-28 10:14:11'),
	('1693189802304', 0, 137900, 0, '2023-08-28 11:30:02'),
	('1693190184643', 0, 99300, 0, '2023-08-28 11:36:50'),
	('1693190307535', 0, 145200, 0, '2023-08-28 11:38:31'),
	('1693190352807', 0, 145200, 0, '2023-08-28 11:39:13'),
	('1693190522382', 0, 145200, 0, '2023-08-28 11:42:02'),
	('1693190556767', 0, 99000, 0, '2023-08-28 11:46:49'),
	('1693191042813', 0, 125200, 0, '2023-08-28 11:50:46'),
	('1693191192901', 0, 99000, 0, '2023-08-28 11:53:21'),
	('1693191312013', 0, 99000, 0, '2023-08-28 11:55:12'),
	('1693191446453', 0, 88000, 0, '2023-08-28 11:57:26'),
	('1693191522717', 0, 99000, 0, '2023-08-28 11:58:43'),
	('1693191695532', 0, 99000, 0, '2023-08-28 12:01:35'),
	('1693191848340', 0, 88000, 0, '2023-08-28 12:04:36'),
	('1693192563211', 0, 99000, 0, '2023-08-28 12:16:03'),
	('1693192624946', 0, 119000, 0, '2023-08-28 12:17:05'),
	('1693192675571', 0, 65900, 0, '2023-08-28 12:17:56'),
	('1693192868186', 0, 99000, 0, '2023-08-28 12:21:08'),
	('1693193379180', 0, 47000, 0, '2023-08-28 12:29:39'),
	('1693213022106', 0, 20000, 0, '2023-08-28 17:57:03'),
	('1693214730925', 0, 12000, 0, '2023-08-28 18:25:31'),
	('1693215127914', 0, 20000, 0, '2023-08-28 18:32:09'),
	('1693219784448', 0, 24500, 0, '2023-08-28 19:49:45'),
	('1693191446453', 1600, 0, 0, '2023-08-29 10:38:04'),
	('1693287395066', 0, 5000, 0, '2023-08-29 14:36:40'),
	('1693368139264', 0, 0, 0, '2023-08-30 13:02:18'),
	('1693368139264', 0, 0, 0, '2023-08-30 13:02:18'),
	('1693368139264', 0, 0, 0, '2023-08-30 13:02:18');

-- 테이블 semi.t4_wish 구조 내보내기
CREATE TABLE IF NOT EXISTS `t4_wish` (
  `WNUM` int NOT NULL AUTO_INCREMENT,
  `U_ID` varchar(20) CHARACTER SET utf8mb4 COLLATE utf8mb4_0900_ai_ci NOT NULL DEFAULT '' COMMENT '아이디',
  `P_NO` varchar(50) CHARACTER SET utf8mb4 COLLATE utf8mb4_0900_ai_ci NOT NULL COMMENT '상품코드',
  `IMG_TYPE` char(1) CHARACTER SET utf8mb4 COLLATE utf8mb4_0900_ai_ci NOT NULL COMMENT 'W-관심목록',
  PRIMARY KEY (`WNUM`) USING BTREE
) ENGINE=InnoDB AUTO_INCREMENT=136 DEFAULT CHARSET=utf8mb4 COLLATE=utf8mb4_0900_ai_ci COMMENT='찜목록(W)               ';

-- 테이블 데이터 semi.t4_wish:~15 rows (대략적) 내보내기
INSERT INTO `t4_wish` (`WNUM`, `U_ID`, `P_NO`, `IMG_TYPE`) VALUES
	(104, 'test1', 'BTS0003DVD', 'W'),
	(106, 'test1', 'BTS0002DVD', 'W'),
	(107, 'test', 'BTS0004DVD', 'W'),
	(116, 'test1', 'TXT0016ALB', 'W'),
	(117, 'admin', 'EHP0016ALB', 'W'),
	(118, 'test1', 'BTS0001DVD', 'W'),
	(122, 'aaa111', 'FMN0004ALB', 'W'),
	(123, 'aaa111', 'BTS0003DVD', 'W'),
	(124, 'aaa111', 'FMN0003ALB', 'W'),
	(125, 'aaa111', 'BTS0012DVD', 'W'),
	(126, 'dd', 'FMN0001ALB', 'W'),
	(127, 'test', 'EHP0004ALB', 'W'),
	(128, 'test1', 'FMN0002ALB', 'W'),
	(129, '123', 'EHP0003DVD', 'W'),
	(130, '123', 'EHP0017ALB', 'W');

/*!40103 SET TIME_ZONE=IFNULL(@OLD_TIME_ZONE, 'system') */;
/*!40101 SET SQL_MODE=IFNULL(@OLD_SQL_MODE, '') */;
/*!40014 SET FOREIGN_KEY_CHECKS=IFNULL(@OLD_FOREIGN_KEY_CHECKS, 1) */;
/*!40101 SET CHARACTER_SET_CLIENT=@OLD_CHARACTER_SET_CLIENT */;
/*!40111 SET SQL_NOTES=IFNULL(@OLD_SQL_NOTES, 1) */;
